LOCATION,PRICE,LAND AREA,ROAD ACCESS,FACING,FLOOR,BEDROOM,BATHROOM,PROPERTY_TYPE,HOUSE AGE,PARKING_SPACES,PARKING,BALCONY,GARDEN,DRAINAGE,DRINKING_WATER,EARTHQUAKE_RESISTANT,MODULAR_KITCHEN,LIVING_ROOM,DINING_ROOM,POWER_BACKUP,AMENITIES_COUNT
"Imadol, Lalitpur",29000000.0,1369.0,12.0,WEST,3.0,5.0,4.0,House,7.0,1,1,0,0,0,1,1,1,0,1,0,11
"Satdobato, Lalitpur",47500000.0,1026.75,10.0,WEST,4.5,5.0,6.0,House,7.0,2,1,0,0,0,1,1,1,0,1,0,11
"Imadol, Lalitpur",19900000.0,787.175,10.0,WEST,2.5,4.0,4.0,House,23.0,1,1,1,0,0,1,1,1,0,1,0,11
"Bhaisepati, Lalitpur",40000000.0,2395.75,12.0,NORTH-WEST,2.5,4.0,3.0,Bungalow,24.0,4,1,1,1,0,1,1,1,0,0,0,11
"Bhaisepati, Lalitpur",33000000.0,1095.2,13.0,NORTH-WEST,2.5,4.0,3.0,House,9.0,4,1,0,0,0,1,1,0,0,0,0,11
"Budhanilkantha, Kathmandu",40000000.0,1471.675,14.0,NORTH-EAST,2.5,5.0,4.0,House,18.0,1,1,1,0,0,1,1,1,0,1,0,11
Other,45000000.0,752.95,10.0,WEST,5.5,13.0,5.0,House,17.0,1,1,0,0,0,1,1,1,0,1,1,11
"Bhaisepati, Lalitpur",30000000.0,1711.25,12.0,EAST,3.0,5.0,5.0,House,8.0,2,1,1,0,1,1,1,0,0,0,1,11
"Imadol, Lalitpur",49900000.0,1779.7,13.0,NORTH-EAST,3.0,6.0,5.0,House,4.0,0,1,1,0,0,1,1,0,0,0,1,11
Other,24500000.0,1026.75,16.0,SOUTH,2.5,4.0,2.0,House,13.0,0,0,1,0,1,1,1,0,0,1,1,11
"Bafal, Kathmandu",25000000.0,1369.0,13.0,SOUTH-EAST,4.0,4.0,5.0,Bungalow,5.0,0,1,1,0,0,1,1,1,0,1,0,11
"Khumaltar, Lalitpur",42500000.0,1369.0,20.0,SOUTH-EAST,2.5,4.0,4.0,House,5.0,0,1,1,0,0,1,1,0,0,0,0,11
"Bhaisepati, Lalitpur",65000000.0,2121.9500000000003,12.0,SOUTH-EAST,2.5,4.0,5.0,Bungalow,6.0,3,1,1,0,0,1,1,0,0,0,0,11
"Bhaisepati, Lalitpur",36000000.0,1437.45,13.0,SOUTH-WEST,2.5,4.0,5.0,House,6.0,1,1,1,0,0,1,1,1,0,0,0,11
"Khumaltar, Lalitpur",58000000.0,1711.25,14.0,NORTH-WEST,3.5,6.0,6.0,House,5.0,1,1,1,0,0,1,1,0,0,0,0,11
"Bhaisepati, Lalitpur",25000000.0,1095.2,12.0,SOUTH-EAST,3.5,5.0,7.0,Bungalow,5.0,3,1,1,0,1,1,1,0,0,0,1,11
"Bhaisepati, Lalitpur",48000000.0,1779.7,16.0,SOUTH-EAST,3.0,4.0,4.0,House,6.0,2,1,1,0,0,1,1,0,0,1,0,11
Other,66500000.0,1403.225,20.0,NORTH,3.0,4.0,5.0,House,6.0,2,1,1,0,0,1,1,0,0,0,0,11
"Dhapasi, Kathmandu",133000000.0,3285.6,14.0,NORTH-EAST,2.5,5.0,5.0,Bungalow,6.0,2,1,1,1,1,1,1,0,0,0,1,11
Other,85000000.0,2395.75,12.0,EAST,3.5,5.0,7.0,Villa,5.0,3,1,1,0,0,1,1,0,0,0,1,11
"Bhaisepati, Lalitpur",55000000.0,1711.25,12.0,NORTH-EAST,2.5,4.0,5.0,Bungalow,5.0,2,1,0,0,0,1,1,1,0,1,0,11
"Bhaisepati, Lalitpur",47500000.0,1060.9750000000001,20.0,SOUTH,2.5,4.0,4.0,House,8.0,1,1,1,0,1,1,1,0,0,0,1,11
"Imadol, Lalitpur",29500000.0,1095.2,13.0,SOUTH,3.0,5.0,4.0,House,8.0,1,1,0,0,0,1,1,1,0,1,0,11
"Sanepa, Lalitpur",63500000.0,1711.25,10.0,NORTH-WEST,2.5,5.0,3.0,House,5.0,0,1,0,0,0,1,1,1,0,1,0,11
"Bhaisepati, Lalitpur",85000000.0,2395.75,13.0,WEST,2.5,5.0,6.0,Bungalow,8.0,3,1,1,0,0,1,1,1,0,1,0,11
Other,105000000.0,3764.75,12.0,SOUTH,2.5,4.0,4.0,Bungalow,5.0,0,1,1,1,1,1,1,0,0,0,1,11
"Bhaisepati, Lalitpur",64000000.0,2395.75,26.0,EAST,2.5,4.0,4.0,House,8.0,3,1,1,0,1,1,1,0,0,1,1,11
"Sunakothi, Lalitpur",35000000.0,1369.0,20.0,NORTH,2.5,3.0,4.0,House,3.0,0,1,1,0,0,1,1,0,1,1,0,11
"Kapan, Kathmandu",22000000.0,1026.75,16.0,SOUTH,2.5,6.0,5.0,House,5.0,1,1,0,0,1,1,1,0,0,1,1,11
Other,37500000.0,1026.75,16.0,SOUTH,2.5,4.0,4.0,House,5.0,0,1,0,0,0,1,1,1,0,0,0,11
"Hattiban, Lalitpur",80000000.0,2053.5,20.0,SOUTH,2.0,5.0,4.0,House,5.0,0,1,1,0,0,1,1,1,0,0,0,11
"Satdobato, Lalitpur",55000000.0,1437.45,13.0,SOUTH-EAST,3.5,6.0,7.0,Bungalow,6.0,0,1,1,0,0,1,1,1,0,1,0,11
"Bhaisepati, Lalitpur",55000000.0,1129.425,13.0,SOUTH-WEST,2.5,4.0,4.0,Bungalow,8.0,1,1,1,0,0,1,1,1,0,0,0,11
"Sanepa, Lalitpur",77500000.0,3080.25,20.0,SOUTH-WEST,2.5,5.0,5.0,House,5.0,0,1,1,0,0,1,1,1,0,0,0,11
"Budhanilkantha, Kathmandu",160000000.0,4107.0,13.0,NORTH,2.5,7.0,7.0,House,9.0,0,1,1,1,1,0,1,0,0,0,1,11
"Imadol, Lalitpur",31900000.0,1403.225,13.0,SOUTH,2.5,5.0,3.0,House,5.0,0,1,1,0,1,1,1,0,0,1,1,11
"Sitapaila, Kathmandu",25000000.0,1026.75,13.0,WEST,2.5,4.0,3.0,House,9.0,2,1,1,0,1,1,1,0,0,1,1,11
Other,120000000.0,3764.75,20.0,WEST,2.5,4.0,4.0,House,3.0,0,1,1,0,0,1,1,1,1,1,0,11
"Bhaisepati, Lalitpur",62500000.0,2190.4,13.0,NORTH-WEST,2.5,5.0,6.0,Bungalow,5.0,2,1,0,0,1,1,1,0,0,0,1,11
"Budhanilkantha, Kathmandu",160000000.0,4107.0,12.0,NORTH,2.5,7.0,7.0,Bungalow,5.0,1,1,1,0,0,1,1,1,0,0,1,11
"Hattiban, Lalitpur",28000000.0,752.95,12.0,NORTH,2.5,4.0,4.0,House,5.0,1,1,1,0,0,1,1,1,0,1,0,11
"Imadol, Lalitpur",59900000.0,2395.75,20.0,EAST,2.5,,5.0,Bungalow,5.0,1,1,1,0,0,1,1,0,0,0,0,11
"Bhaisepati, Lalitpur",48000000.0,1711.25,25.0,SOUTH,2.5,6.0,4.0,House,5.0,2,1,1,0,0,1,1,1,0,1,0,11
"Imadol, Lalitpur",25000000.0,1060.9750000000001,13.0,NORTH,3.0,5.0,3.0,House,7.0,1,1,1,0,0,1,1,1,0,0,1,11
"Bhaisepati, Lalitpur",40000000.0,1369.0,18.0,NORTH-EAST,2.5,4.0,5.0,House,7.0,1,1,1,0,1,1,1,0,0,0,1,11
"Nakhipot, Lalitpur",60000000.0,2395.75,13.0,EAST,2.5,5.0,3.0,Bungalow,7.0,2,1,1,0,0,1,1,0,0,0,1,11
"Imadol, Lalitpur",25000000.0,1197.875,12.0,WEST,2.5,4.0,4.0,House,12.0,1,1,0,0,0,1,1,1,0,0,0,11
"Imadol, Lalitpur",27000000.0,1129.425,12.0,EAST,2.0,5.0,4.0,House,5.0,3,1,1,0,1,1,1,0,0,0,1,11
"Gwarko, Lalitpur",27500000.0,1026.75,12.0,NORTH,2.5,5.0,4.0,Bungalow,9.0,1,1,0,0,0,1,1,1,0,1,0,11
"Budhanilkantha, Kathmandu",110000000.0,3764.75,16.0,SOUTH-EAST,2.5,5.0,5.0,House,6.0,4,1,1,0,1,1,1,0,0,0,1,11
"Hattiban, Lalitpur",32500000.0,1129.425,15.0,NORTH-EAST,2.5,6.0,4.0,House,6.0,1,1,1,0,1,1,1,0,0,0,1,11
"Hattiban, Lalitpur",28000000.0,1060.9750000000001,13.0,SOUTH-WEST,2.0,5.0,4.0,House,5.0,1,1,1,0,1,1,1,1,0,0,0,11
"Imadol, Lalitpur",31000000.0,1095.2,12.0,WEST,3.0,6.0,4.0,House,5.0,2,1,1,1,1,1,1,1,0,0,1,11
Other,40000000.0,1711.25,13.0,SOUTH,2.5,4.0,4.0,House,6.0,0,1,1,0,1,1,1,0,0,1,1,11
Other,35000000.0,2053.5,15.0,NORTH,2.5,3.0,3.0,House,8.0,0,0,1,0,1,1,0,0,1,1,0,11
"Imadol, Lalitpur",31500000.0,1779.7,20.0,EAST,2.0,6.0,5.0,House,5.0,1,0,0,0,0,1,1,1,1,1,0,11
"Ochu Height, Lalitpur",29000000.0,1095.2,13.0,SOUTH,2.5,6.0,6.0,House,6.0,1,1,0,0,1,1,1,1,1,1,0,11
"Imadol, Lalitpur",42500000.0,1437.45,20.0,EAST,3.0,5.0,4.0,House,5.0,2,1,0,0,0,1,1,1,0,1,0,11
"Bhaisepati, Lalitpur",46500000.0,1369.0,12.0,SOUTH-EAST,2.0,4.0,4.0,House,9.0,2,1,0,0,1,1,1,1,1,1,1,11
"Bhaisepati, Lalitpur",40000000.0,1369.0,20.0,NORTH,2.5,5.0,4.0,Villa,3.0,2,1,0,0,0,1,1,1,0,1,0,10
"Sanepa, Lalitpur",59500000.0,1711.25,16.0,NORTH-EAST,3.0,6.0,5.0,Bungalow,5.0,2,1,1,0,0,1,1,1,0,1,0,11
"Nakkhu, Lalitpur",39000000.0,1711.25,13.0,EAST,2.5,4.0,4.0,House,5.0,2,1,0,0,0,1,1,1,0,1,0,11
"Setipakha, Lalitpur",32000000.0,1369.0,13.0,EAST,3.0,8.0,3.0,House,5.0,1,1,1,1,0,0,1,0,0,0,0,11
"Setipakha, Lalitpur",32500000.0,1369.0,13.0,EAST,3.0,8.0,3.0,House,6.0,1,1,1,1,0,1,1,1,0,0,0,11
"Sunakothi, Lalitpur",51500000.0,2429.975,20.0,SOUTH,2.5,4.0,4.0,House,9.0,1,1,0,1,1,1,1,0,0,1,1,11
"Kalanki, Kathmandu",35000000.0,1369.0,10.0,SOUTH,3.5,8.0,6.0,House,8.0,1,1,1,0,0,1,1,0,0,1,1,11
"Imadol, Lalitpur",32500000.0,1471.675,20.0,EAST,2.5,4.0,4.0,Bungalow,5.0,1,1,0,1,1,1,1,0,0,0,1,11
"Bhangal, Kathmandu",32000000.0,1060.9750000000001,13.0,NORTH,2.5,5.0,6.0,House,9.0,0,1,1,0,1,1,1,0,0,1,1,11
"Sukedhara, Kathmandu",55000000.0,1779.7,13.0,SOUTH,2.5,5.0,3.0,House,8.0,0,1,1,0,0,1,0,0,0,1,1,11
"Setipakha, Lalitpur",23000000.0,787.175,13.0,EAST,2.5,5.0,3.0,House,9.0,1,1,1,1,0,1,1,1,0,1,0,11
"Chandragiri, Kathmandu",17000000.0,1129.425,20.0,EAST,2.0,3.0,3.0,House,5.0,0,1,1,0,1,1,1,0,0,1,1,11
"Imadol, Lalitpur",24000000.0,787.175,13.0,SOUTH,3.5,5.0,4.0,House,6.0,0,1,1,0,1,1,1,0,0,1,1,11
"Tikathali, Lalitpur",27500000.0,1369.0,13.0,SOUTH,2.5,4.0,4.0,House,9.0,0,1,1,0,1,1,1,0,0,1,1,11
"Tikathali, Lalitpur",22500000.0,1095.2,13.0,SOUTH,2.5,4.0,3.0,House,9.0,0,1,1,0,1,1,1,0,0,1,1,11
"Lubhu, Lalitpur",18000000.0,1437.45,13.0,EAST,2.5,4.0,4.0,House,5.0,0,1,1,0,1,1,1,0,0,1,1,11
"Imadol, Lalitpur",25000000.0,1095.2,14.0,SOUTH,2.5,3.0,3.0,House,6.0,1,1,1,0,1,1,1,0,0,1,1,11
"Setipakha, Lalitpur",16500000.0,1060.9750000000001,13.0,NORTH-EAST,1.0,1.0,1.0,House,9.0,1,1,1,1,0,1,0,1,0,1,0,11
"Bhaisepati, Lalitpur",51000000.0,2156.1749999999997,12.0,SOUTH,2.5,5.0,5.0,House,5.0,0,1,1,0,1,1,1,0,0,1,1,11
"Imadol, Lalitpur",59900000.0,2395.75,20.0,EAST,2.5,5.0,3.0,House,6.0,2,1,1,0,1,1,1,0,0,1,1,11
"Imadol, Lalitpur",32500000.0,1471.675,20.0,EAST,2.5,4.0,3.0,House,9.0,2,1,1,1,1,1,0,0,0,0,1,11
"Bhaisepati, Lalitpur",27500000.0,1095.2,13.0,NORTH,2.5,5.0,5.0,House,6.0,0,1,1,0,1,1,1,0,0,1,1,11
Other,12700000.0,1369.0,13.0,EAST,1.0,2.0,1.0,House,9.0,0,0,1,0,1,1,1,1,0,1,1,11
"Bhaisepati, Lalitpur",61000000.0,2053.5,18.0,SOUTH,3.5,6.0,4.0,Bungalow,13.0,3,1,1,1,1,1,0,0,0,0,0,11
"Hattiban, Lalitpur",36900000.0,1403.225,18.0,SOUTH,3.5,5.0,4.0,Bungalow,4.0,1,1,1,1,1,1,0,0,0,0,0,11
"Sunakothi, Lalitpur",23000000.0,787.175,20.0,EAST,2.0,3.0,2.0,House,13.0,1,1,1,1,1,1,0,1,0,0,1,11
"Budhanilkantha, Kathmandu",32000000.0,1369.0,14.0,SOUTH,2.0,5.0,5.0,Villa,4.0,6,1,1,1,1,1,1,1,0,0,0,11
Other,15500000.0,1095.2,20.0,SOUTH-WEST,2.5,6.0,3.0,House,5.0,0,1,1,0,0,1,1,0,0,1,1,11
"Dhapasi, Kathmandu",42500000.0,1437.45,13.0,WEST,2.5,7.0,6.0,House,3.0,2,1,1,0,1,1,1,0,0,0,1,11
Other,35000000.0,1369.0,15.0,NORTH,2.0,6.0,5.0,Bungalow,7.0,5,1,1,1,1,1,1,0,0,0,0,11
"Budhanilkantha, Kathmandu",28000000.0,1095.2,16.0,SOUTH,3.0,6.0,6.0,House,7.0,1,1,1,0,1,1,1,0,0,1,1,11
"Lubhu, Lalitpur",13300000.0,1026.75,13.0,SOUTH,1.5,2.0,1.0,House,6.0,1,1,0,1,0,1,1,0,1,1,0,11
"Imadol, Lalitpur",16000000.0,752.95,13.0,SOUTH,2.0,4.0,2.0,House,8.0,0,1,1,1,0,1,1,1,0,1,0,11
Other,25000000.0,1060.9750000000001,13.0,WEST,2.5,4.0,4.0,House,15.0,1,1,1,0,1,1,1,0,0,1,1,11
Other,28000000.0,1026.75,20.0,WEST,2.5,5.0,4.0,House,7.0,1,1,0,0,1,1,1,0,0,1,1,11
"Imadol, Lalitpur",27000000.0,1095.2,14.0,SOUTH-WEST,2.5,5.0,3.0,House,7.0,0,1,1,0,1,1,1,0,0,1,1,11
"Bhaisepati, Lalitpur",39900000.0,1437.45,16.0,SOUTH,2.5,5.0,5.0,House,7.0,1,1,1,0,1,1,1,0,0,1,1,11
"Bhaisepati, Lalitpur",49900000.0,1711.25,16.0,SOUTH,3.5,4.0,4.0,House,7.0,2,1,1,0,1,1,1,0,0,1,0,11
"Lubhu, Lalitpur",17000000.0,1437.45,10.0,EAST,2.5,5.0,3.0,House,7.0,0,1,0,0,1,1,0,1,1,1,1,11
"Bhaisepati, Lalitpur",42500000.0,1129.425,20.0,SOUTH-WEST,2.5,4.0,4.0,House,7.0,0,1,1,1,1,1,1,0,0,1,0,11
"Sanagaun, Lalitpur",17000000.0,1026.75,13.0,WEST,2.0,4.0,2.0,House,6.0,1,1,1,1,1,1,1,0,0,1,0,11
Other,52500000.0,1711.25,20.0,SOUTH-EAST,2.5,5.0,4.0,Bungalow,7.0,2,1,1,1,1,1,1,0,0,1,0,11
Other,25000000.0,1711.25,13.0,SOUTH,2.5,7.0,3.0,House,9.0,2,1,1,1,0,1,1,0,1,0,0,11
"Bhangal, Kathmandu",32000000.0,1437.45,13.0,WEST,2.5,7.0,5.0,House,4.0,2,1,1,0,1,1,1,0,1,0,1,11
"Tikathali, Lalitpur",25000000.0,1095.2,18.0,SOUTH,3.0,6.0,3.0,House,7.0,0,1,1,0,1,1,1,0,0,1,1,11
"Imadol, Lalitpur",23500000.0,1095.2,13.0,WEST,2.5,4.0,3.0,House,7.0,0,1,1,0,1,1,1,0,1,0,1,11
Other,39000000.0,1026.75,13.0,WEST,2.5,3.0,4.0,House,7.0,1,1,1,0,1,1,1,0,0,0,1,11
"Budhanilkantha, Kathmandu",33000000.0,2053.5,12.0,NORTH,2.5,5.0,5.0,House,7.0,2,1,1,1,1,1,1,0,0,0,1,11
Other,85000000.0,3182.925,20.0,EAST,2.5,6.0,6.0,Bungalow,13.0,3,1,1,1,1,1,1,0,0,0,1,11
"Hepali Height, Kathmandu",60300000.0,1711.25,16.0,NORTH,3.5,4.0,4.0,Bungalow,3.0,3,1,1,1,1,1,1,0,0,0,0,11
"Imadol, Lalitpur",16500000.0,1060.9750000000001,16.0,SOUTH,2.5,4.0,2.0,House,7.0,1,1,1,0,0,1,1,0,0,1,1,11
"Imadol, Lalitpur",22500000.0,1060.9750000000001,20.0,NORTH-WEST,2.5,4.0,4.0,House,7.0,0,1,1,0,1,1,1,0,0,0,1,11
"Hepali Height, Kathmandu",33000000.0,2121.9500000000003,13.0,SOUTH,2.5,6.0,5.0,House,7.0,2,1,1,1,1,1,1,0,0,0,1,11
"Mandikhatar, Kathmandu",75000000.0,3114.475,16.0,SOUTH-WEST,3.5,8.0,6.0,Bungalow,7.0,0,1,1,0,1,1,1,0,0,1,1,11
"Imadol, Lalitpur",27500000.0,1060.9750000000001,13.0,WEST,3.0,5.0,3.0,House,6.0,0,1,1,0,1,0,1,1,1,0,0,11
Other,28500000.0,1095.2,12.0,EAST,2.5,6.0,5.0,House,6.0,1,1,1,0,1,0,1,0,0,0,0,11
"Hattigaunda, Kathmandu",31500000.0,1369.0,14.0,EAST,2.5,6.0,5.0,House,3.0,2,1,1,0,1,1,1,0,0,0,1,11
"Tikathali, Lalitpur",27500000.0,1369.0,13.0,NORTH,2.5,7.0,4.0,House,10.0,1,1,1,0,1,1,1,0,0,1,1,11
"Imadol, Lalitpur",23500000.0,1026.75,13.0,EAST,3.5,6.0,4.0,House,9.0,0,1,1,0,1,1,1,0,0,1,1,11
"Thaiba, Lalitpur",29000000.0,1779.7,20.0,NORTH-EAST,2.5,6.0,4.0,House,9.0,1,1,1,1,1,1,1,0,0,0,1,11
"Tikathali, Lalitpur",25500000.0,1026.75,13.0,NORTH,3.0,6.0,5.0,House,9.0,1,1,1,0,1,1,1,0,0,0,1,11
"Imadol, Lalitpur",32500000.0,1369.0,20.0,NORTH,2.5,3.0,4.0,House,7.0,1,1,1,0,1,1,1,0,0,1,1,11
"Imadol, Lalitpur",27000000.0,1129.425,13.0,EAST,3.5,5.0,4.0,House,7.0,1,1,1,0,1,1,1,0,0,0,1,11
"Imadol, Lalitpur",24500000.0,1060.9750000000001,13.0,WEST,2.5,4.0,4.0,House,10.0,1,1,1,0,1,1,1,0,0,0,1,11
"Imadol, Lalitpur",29500000.0,1437.45,13.0,NORTH,2.5,5.0,5.0,House,10.0,1,1,1,0,1,1,1,0,0,0,1,11
Other,25000000.0,1369.0,12.0,NORTH-EAST,2.5,5.0,3.0,House,3.0,1,1,0,0,1,0,1,1,1,0,0,11
"Khumaltar, Lalitpur",45000000.0,2053.5,13.0,SOUTH,2.5,6.0,3.0,House,9.0,2,1,1,0,1,1,1,0,0,1,1,11
"Imadol, Lalitpur",24000000.0,787.175,13.0,EAST,3.0,4.0,4.0,House,10.0,0,1,1,0,1,1,1,0,0,1,1,11
"Imadol, Lalitpur",23000000.0,752.95,13.0,NORTH,3.0,4.0,4.0,House,10.0,0,1,1,0,1,1,1,0,0,1,1,11
"Imadol, Lalitpur",26500000.0,1369.0,13.0,SOUTH-WEST,3.0,4.0,5.0,House,9.0,1,1,1,0,1,1,1,0,0,0,1,11
"Tikathali, Lalitpur",32000000.0,1403.225,13.0,NORTH-WEST,2.5,5.0,4.0,House,7.0,1,1,1,0,1,1,1,0,0,1,1,11
"Imadol, Lalitpur",29000000.0,1026.75,13.0,EAST,2.5,5.0,5.0,House,7.0,0,1,1,0,1,1,1,0,0,1,1,11
"Imadol, Lalitpur",27500000.0,1026.75,20.0,WEST,3.5,6.0,4.0,House,9.0,0,0,1,0,1,1,1,0,0,1,1,11
"Tikathali, Lalitpur",25500000.0,1095.2,13.0,NORTH-EAST,3.0,6.0,6.0,House,10.0,1,1,1,0,1,1,1,0,0,0,1,11
"Imadol, Lalitpur",27500000.0,1060.9750000000001,13.0,WEST,2.5,5.0,5.0,House,10.0,1,1,1,0,1,1,1,0,0,0,1,11
"Imadol, Lalitpur",34000000.0,1095.2,26.0,WEST,3.0,5.0,4.0,House,7.0,1,1,1,0,1,1,1,0,0,0,1,11
"Nakkhu, Lalitpur",27500000.0,1095.2,20.0,EAST,2.5,4.0,4.0,House,7.0,1,1,1,0,1,1,1,0,0,0,1,11
"Imadol, Lalitpur",42500000.0,1403.225,20.0,NORTH-EAST,2.5,5.0,3.0,House,10.0,1,1,1,0,1,1,1,0,0,0,1,11
"Sanagaun, Lalitpur",16000000.0,1779.7,13.0,NORTH-EAST,2.5,4.0,3.0,House,13.0,1,1,1,0,1,1,1,1,1,0,1,11
Other,35500000.0,1095.2,13.0,NORTH,2.5,6.0,4.0,House,4.0,1,1,1,0,1,1,1,0,0,0,0,11
"Imadol, Lalitpur",27500000.0,1026.75,13.0,NORTH-EAST,2.5,6.0,4.0,House,11.0,0,1,1,0,1,1,1,0,1,0,1,11
"Lubhu, Lalitpur",59000000.0,2429.975,20.0,EAST,2.5,6.0,5.0,House,9.0,2,1,1,0,1,1,1,0,0,0,1,11
Other,27500000.0,1369.0,12.0,WEST,3.0,5.0,3.0,House,7.0,1,1,1,0,1,1,1,0,0,1,1,11
"Hattiban, Lalitpur",28000000.0,1060.9750000000001,13.0,SOUTH,2.5,6.0,4.0,House,13.0,1,1,1,0,1,1,1,0,0,1,1,11
"Hattiban, Lalitpur",32500000.0,1369.0,14.0,NORTH-WEST,2.5,6.0,4.0,House,20.0,1,1,1,0,1,1,1,0,0,0,1,11
"Sundarbasti, Kathmandu",39000000.0,1437.45,13.0,EAST,2.5,6.0,5.0,House,12.0,2,1,1,1,1,1,1,0,0,1,1,11
"Narayanthan, Kathmandu",42500000.0,1369.0,20.0,WEST,2.5,4.0,6.0,House,17.0,2,1,1,1,1,1,1,0,0,0,1,11
Other,34000000.0,1403.225,13.0,SOUTH-WEST,2.5,5.0,4.0,House,11.0,2,1,1,0,1,1,1,0,0,1,1,11
"Dhapasi, Kathmandu",47500000.0,2395.75,20.0,EAST,3.0,4.0,5.0,Bungalow,15.0,2,1,1,1,1,1,1,0,0,0,1,11
"Sundarbasti, Kathmandu",34500000.0,1129.425,13.0,NORTH-EAST,2.5,4.0,4.0,House,11.0,1,1,1,0,1,1,1,0,0,1,1,11
Other,29000000.0,2087.725,20.0,WEST,2.5,11.0,4.0,House,7.0,1,0,1,1,1,1,1,0,0,0,1,11
"Imadol, Lalitpur",26500000.0,992.525,13.0,SOUTH-WEST,3.5,5.0,4.0,House,7.0,1,1,1,0,1,1,1,0,0,0,1,11
"Nakhipot, Lalitpur",42500000.0,1437.45,16.0,SOUTH-EAST,3.5,7.0,5.0,House,24.0,2,1,1,0,1,1,1,0,0,0,1,11
"Khumaltar, Lalitpur",42000000.0,1437.45,12.0,SOUTH,3.0,6.0,5.0,House,13.0,2,1,1,0,1,1,1,0,0,1,1,11
"Jyotinagar, Kathmandu",29500000.0,1437.45,16.0,NORTH,3.5,5.0,4.0,House,9.0,1,1,1,0,0,1,1,0,0,1,1,11
Other,45000000.0,752.95,27.0,EAST,5.0,7.0,4.0,House,18.0,0,0,1,0,1,1,1,1,0,0,1,11
"Khumaltar, Lalitpur",39000000.0,1471.675,16.0,NORTH,2.5,6.0,4.0,House,13.0,1,1,1,0,1,1,1,0,0,0,1,11
"Dhapasi, Kathmandu",46000000.0,2464.2000000000003,13.0,SOUTH,2.5,4.0,5.0,House,12.0,2,1,1,1,0,1,1,0,0,1,1,11
"Bhangal, Kathmandu",24000000.0,1095.2,13.0,EAST,2.5,6.0,5.0,House,13.0,0,1,0,0,0,0,1,1,1,0,0,11
Other,60000000.0,3490.95,13.0,SOUTH-WEST,3.5,8.0,5.0,House,11.0,2,1,1,1,1,1,1,0,0,1,1,11
"Budhanilkantha, Kathmandu",38500000.0,1437.45,13.0,EAST,3.0,6.0,5.0,House,11.0,0,1,1,0,1,1,1,0,0,0,1,11
"Pasikot, Kathmandu",28000000.0,1369.0,13.0,WEST,2.5,5.0,4.0,House,7.0,1,1,0,0,1,1,1,1,1,1,0,11
"Imadol, Lalitpur",23000000.0,787.175,13.0,NORTH,3.5,3.0,4.0,House,19.0,0,1,1,0,1,1,1,0,0,1,1,11
"Satdobato, Lalitpur",26000000.0,1026.75,20.0,EAST,2.0,5.0,3.0,House,19.0,1,1,1,0,1,1,1,0,0,0,1,11
"Budhanilkantha, Kathmandu",25500000.0,1026.75,12.0,EAST,3.5,5.0,5.0,House,13.0,0,1,1,0,1,1,1,0,0,0,1,11
"Hattigaunda, Kathmandu",33000000.0,1779.7,13.0,EAST,2.5,4.0,4.0,House,13.0,1,1,1,0,0,1,0,1,1,1,1,11
Other,16000000.0,752.95,13.0,WEST,2.5,4.0,4.0,House,13.0,1,1,1,0,1,1,1,0,0,1,1,11
Other,32500000.0,1369.0,13.0,SOUTH,2.5,5.0,4.0,House,18.0,0,0,1,0,1,1,1,0,0,1,1,11
"Pasikot, Kathmandu",39000000.0,1779.7,20.0,EAST,2.5,5.0,6.0,Bungalow,24.0,1,1,0,0,0,0,1,1,1,1,0,11
Other,55000000.0,3080.25,13.0,EAST,2.5,6.0,3.0,House,14.0,2,1,1,0,1,1,1,0,0,0,1,11
"Bhaisepati, Lalitpur",42500000.0,1437.45,16.0,NORTH-WEST,2.5,5.0,4.0,Bungalow,4.0,0,1,1,0,1,1,1,0,0,0,1,11
"Imadol, Lalitpur",31000000.0,1369.0,13.0,SOUTH,2.5,4.0,3.0,House,4.0,1,1,1,0,1,1,1,0,0,1,1,11
"Sitapaila, Kathmandu",35000000.0,1711.25,13.0,SOUTH,2.5,5.0,3.0,Bungalow,7.0,1,1,1,1,1,1,1,0,0,1,0,11
Other,37000000.0,1095.2,20.0,EAST,2.5,4.0,4.0,Bungalow,28.0,1,1,1,0,0,1,1,1,0,1,1,11
"Tikathali, Lalitpur",28500000.0,1026.75,13.0,EAST,2.5,6.0,4.0,House,13.0,0,1,1,0,1,1,1,0,0,1,1,11
"Imadol, Lalitpur",36500000.0,1369.0,13.0,EAST,3.0,7.0,4.0,House,11.0,1,1,1,0,1,1,1,0,0,0,1,11
Other,33000000.0,1095.2,13.0,SOUTH,2.5,6.0,4.0,House,4.0,2,1,1,1,1,1,1,0,0,0,1,11
"Hattigaunda, Kathmandu",62500000.0,2053.5,20.0,SOUTH,2.0,5.0,7.0,Bungalow,28.0,2,0,0,1,1,0,1,1,1,1,0,11
"Hattigaunda, Kathmandu",75000000.0,2738.0,13.0,SOUTH,2.5,7.0,6.0,House,11.0,2,0,0,0,0,0,1,1,1,1,0,11
"Imadol, Lalitpur",35000000.0,1060.9750000000001,30.0,WEST,2.5,3.0,3.0,House,14.0,1,1,1,0,0,1,1,0,0,1,1,11
"Imadol, Lalitpur",31000000.0,1095.2,13.0,EAST,2.5,4.0,4.0,House,14.0,0,1,1,0,1,1,0,0,0,1,1,11
"Gwarko, Lalitpur",23500000.0,1026.75,13.0,NORTH-EAST,3.0,6.0,3.0,House,4.0,1,1,1,0,1,1,1,0,0,1,1,11
"Gwarko, Lalitpur",29500000.0,1026.75,13.0,WEST,3.5,4.0,4.0,House,4.0,0,0,1,0,1,1,1,0,0,1,1,11
"Budhanilkantha, Kathmandu",46500000.0,1711.25,13.0,EAST,3.5,6.0,4.0,House,7.0,1,1,0,0,1,1,1,1,1,1,1,11
"Budhanilkantha, Kathmandu",31500000.0,1369.0,13.0,SOUTH,3.0,6.0,6.0,House,10.0,1,1,1,0,1,1,1,0,0,1,1,11
Other,15000000.0,1369.0,20.0,SOUTH,2.0,5.0,2.0,House,7.0,4,1,1,1,1,1,1,0,0,1,1,11
"Budhanilkantha, Kathmandu",22500000.0,3080.25,13.0,SOUTH-EAST,2.0,2.0,2.0,House,11.0,2,1,1,0,1,1,1,0,0,0,1,11
"Imadol, Lalitpur",19000000.0,787.175,13.0,EAST,2.5,4.0,4.0,House,4.0,1,1,1,0,0,1,1,0,0,0,1,11
"Satdobato, Lalitpur",31000000.0,1129.425,13.0,WEST,2.5,4.0,4.0,House,28.0,1,1,1,0,1,1,1,0,0,1,1,11
"Bhaisepati, Lalitpur",43500000.0,1437.45,20.0,EAST,2.5,4.0,4.0,House,11.0,1,1,1,1,0,1,0,0,1,1,0,11
"Gwarko, Lalitpur",22000000.0,1060.9750000000001,12.0,NORTH,2.5,5.0,4.0,House,13.0,1,1,1,0,0,1,1,0,1,0,0,11
"Imadol, Lalitpur",31000000.0,1369.0,13.0,EAST,3.0,5.0,4.0,House,11.0,2,1,1,0,1,1,1,0,0,1,1,11
"Sitapaila, Kathmandu",55000000.0,2053.5,20.0,WEST,2.5,6.0,3.0,House,10.0,1,1,1,1,1,1,1,0,0,1,1,11
"Gongabu, Kathmandu",60000000.0,2429.975,12.0,NORTH,5.0,10.0,6.0,House,7.0,1,0,1,0,1,1,1,1,1,0,1,11
"Imadol, Lalitpur",28000000.0,1026.75,13.0,NORTH,2.5,5.0,4.0,House,14.0,0,1,1,0,1,1,1,0,0,1,1,11
"Ochu Height, Lalitpur",27500000.0,1060.9750000000001,13.0,NORTH,3.0,6.0,5.0,House,5.0,0,1,1,0,1,1,1,0,0,1,1,11
"Gwarko, Lalitpur",29500000.0,1095.2,13.0,SOUTH,2.5,5.0,4.0,House,10.0,0,1,1,0,1,1,1,0,0,1,1,11
"Lubhu, Lalitpur",19500000.0,787.175,23.0,WEST,3.0,5.0,6.0,House,7.0,1,1,1,0,1,1,1,0,1,1,1,11
Other,27000000.0,1095.2,13.0,SOUTH,2.5,5.0,4.0,House,22.0,1,1,1,0,1,1,1,0,0,0,1,11
"Imadol, Lalitpur",28000000.0,1369.0,16.0,EAST,2.5,6.0,4.0,House,14.0,1,1,1,0,0,1,1,0,1,0,1,11
"Imadol, Lalitpur",29000000.0,1026.75,14.0,EAST,2.5,3.0,3.0,House,12.0,1,1,1,0,0,1,1,0,0,0,1,11
"Imadol, Lalitpur",29000000.0,1095.2,13.0,EAST,3.0,5.0,5.0,House,4.0,1,1,1,0,1,1,1,0,0,0,1,11
"Imadol, Lalitpur",29000000.0,1095.2,13.0,EAST,2.5,4.0,4.0,House,7.0,1,0,1,0,1,1,1,0,0,0,1,11
"Bhaisepati, Lalitpur",45000000.0,1711.25,13.0,EAST,3.0,4.0,4.0,House,7.0,2,1,1,0,1,1,1,0,0,0,1,11
"Dhapasi, Kathmandu",22500000.0,787.175,13.0,NORTH-WEST,2.5,4.0,2.0,House,14.0,1,1,1,0,1,1,1,0,0,1,1,11
"Golfutar, Kathmandu",26000000.0,1026.75,14.0,EAST,2.0,5.0,5.0,Bungalow,13.0,4,1,0,1,1,0,0,1,1,1,0,11
Other,33000000.0,1471.675,13.0,SOUTH-WEST,3.5,8.0,5.0,House,4.0,1,1,1,1,0,1,1,0,0,0,0,11
Other,27000000.0,1026.75,20.0,SOUTH,2.5,3.0,4.0,House,13.0,1,1,0,0,1,1,1,0,0,0,1,11
"Imadol, Lalitpur",22500000.0,1026.75,20.0,WEST,2.5,,4.0,House,11.0,1,1,1,0,1,1,1,0,0,0,1,11
"Imadol, Lalitpur",27500000.0,1403.225,13.0,SOUTH,2.5,5.0,5.0,House,11.0,1,0,0,0,1,1,1,0,1,1,1,11
"Mulpani, Kathmandu",16000000.0,752.95,12.0,EAST,2.5,5.0,3.0,House,25.0,0,0,1,0,0,1,1,1,1,0,0,11
"Bafal, Kathmandu",47000000.0,2395.75,14.0,WEST,2.5,6.0,3.0,House,11.0,2,1,1,0,0,1,1,1,1,0,0,11
"Imadol, Lalitpur",25000000.0,1060.9750000000001,13.0,SOUTH,2.5,4.0,4.0,House,14.0,0,1,1,0,1,1,1,0,0,1,1,11
"Imadol, Lalitpur",25000000.0,1095.2,13.0,WEST,2.5,4.0,3.0,House,14.0,0,1,1,0,1,1,1,0,0,1,1,11
"Sanepa, Lalitpur",90000000.0,2464.2000000000003,13.0,SOUTH,2.5,6.0,4.0,House,4.0,1,1,1,0,1,1,1,0,0,0,1,11
"Khumaltar, Lalitpur",65000000.0,3080.25,13.0,SOUTH-WEST,4.5,,4.0,House,4.0,3,1,1,0,1,1,1,0,0,0,1,11
"Sitapaila, Kathmandu",23000000.0,1369.0,12.0,NORTH,3.5,9.0,3.0,House,7.0,1,1,1,0,1,0,1,0,0,0,1,11
Other,35000000.0,2738.0,8.0,SOUTH,2.5,8.0,4.0,House,10.0,0,1,1,1,1,1,1,0,0,0,1,11
Other,27000000.0,1369.0,11.0,WEST,4.5,8.0,4.0,House,7.0,0,1,1,0,0,1,0,1,1,1,1,11
"Sunakothi, Lalitpur",85000000.0,3080.25,20.0,SOUTH,2.5,5.0,7.0,Villa,11.0,1,1,1,1,1,1,1,0,0,0,1,11
"Hattiban, Lalitpur",70000000.0,1711.25,20.0,NORTH-WEST,2.5,5.0,4.0,Villa,11.0,2,1,1,0,1,1,1,0,0,0,1,11
"Hattiban, Lalitpur",35000000.0,1129.425,22.0,NORTH-WEST,2.5,3.0,4.0,House,11.0,2,1,1,1,1,1,1,0,0,0,1,11
"Dhapakhel, Lalitpur",25000000.0,1026.75,16.0,NORTH,2.0,6.0,3.0,House,11.0,1,1,1,0,1,1,1,0,0,0,1,11
Other,45000000.0,1026.75,13.0,SOUTH,2.0,9.0,4.0,House,11.0,1,1,1,0,0,1,1,0,0,0,1,11
Other,26000000.0,1026.75,20.0,NORTH-EAST,2.5,3.0,4.0,Bungalow,7.0,1,1,0,0,0,1,1,0,0,0,1,11
"Budhanilkantha, Kathmandu",34500000.0,1369.0,13.0,WEST,2.5,6.0,5.0,House,10.0,1,1,1,0,1,1,1,0,0,0,1,11
"Budhanilkantha, Kathmandu",37500000.0,1711.25,14.0,SOUTH-WEST,2.0,6.0,5.0,House,7.0,1,1,1,0,1,1,0,0,1,1,1,11
Other,42500000.0,1745.475,20.0,NORTH,2.5,4.0,4.0,House,11.0,2,1,1,0,0,1,1,1,1,0,1,10
Other,30000000.0,1711.25,10.0,EAST,2.5,4.0,3.0,House,8.0,2,1,1,1,1,1,1,0,0,0,1,11
"Mandikhatar, Kathmandu",65000000.0,2738.0,13.0,NORTH-EAST,2.5,6.0,3.0,House,25.0,3,1,0,1,1,1,0,1,1,0,0,11
"Pasikot, Kathmandu",30000000.0,1437.45,14.0,EAST,2.5,8.0,4.0,House,25.0,1,1,0,0,1,1,0,1,1,0,0,11
Other,17500000.0,1026.75,12.0,SOUTH-EAST,2.5,11.0,3.0,House,13.0,0,1,0,0,1,0,0,1,0,0,0,9
Other,29500000.0,1437.45,13.0,NORTH-WEST,2.5,4.0,4.0,House,11.0,2,1,0,0,1,1,0,0,1,0,0,11
"Dhapakhel, Lalitpur",43000000.0,2053.5,13.0,NORTH,3.0,6.0,4.0,House,25.0,3,1,0,0,1,1,0,1,1,0,0,10
"Imadol, Lalitpur",31000000.0,1060.9750000000001,13.0,EAST,2.5,6.0,5.0,House,7.0,0,1,1,0,1,1,1,1,1,0,1,11
"Imadol, Lalitpur",45000000.0,2156.1749999999997,13.0,SOUTH,3.0,7.0,7.0,House,10.0,1,1,1,1,1,1,1,0,0,0,1,11
"Imadol, Lalitpur",26500000.0,1026.75,13.0,SOUTH,2.5,5.0,4.0,House,7.0,0,1,1,0,1,1,1,0,0,0,1,11
"Imadol, Lalitpur",29500000.0,1095.2,13.0,SOUTH,2.5,5.0,4.0,House,11.0,0,1,1,0,1,1,1,0,0,0,1,11
Other,37500000.0,1711.25,20.0,SOUTH-EAST,2.0,5.0,4.0,Bungalow,11.0,2,0,1,0,1,1,1,0,1,0,1,11
"Bhaisepati, Lalitpur",150000000.0,3422.5,13.0,EAST,2.5,5.0,4.0,Bungalow,11.0,3,1,0,1,1,1,1,0,0,0,0,11
Other,105000000.0,3764.75,20.0,NORTH-EAST,2.5,5.0,6.0,House,8.0,3,1,1,0,1,1,1,0,0,1,1,11
"Tikathali, Lalitpur",25500000.0,1026.75,13.0,SOUTH,2.5,4.0,4.0,House,25.0,1,1,1,0,1,1,1,1,0,0,1,11
"Sanagaun, Lalitpur",22500000.0,787.175,20.0,SOUTH,2.5,5.0,3.0,House,15.0,0,1,1,0,0,1,1,0,1,0,1,11
Other,105000000.0,4107.0,20.0,NORTH,2.5,6.0,5.0,House,25.0,3,1,1,0,1,1,0,1,1,0,1,11
"Tikathali, Lalitpur",28500000.0,1026.75,13.0,EAST,2.5,9.0,4.0,House,11.0,0,1,1,0,0,1,1,1,1,0,1,11
Other,125000000.0,3422.5,20.0,EAST,2.5,4.0,4.0,House,25.0,3,1,1,1,1,1,1,0,0,1,1,11
"Deuwa Chowk, Kathmandu",60000000.0,2053.5,13.0,WEST,2.5,8.0,5.0,House,15.0,2,1,1,0,1,1,1,1,1,0,1,10
Other,16500000.0,752.95,13.0,EAST,2.0,3.0,3.0,House,13.0,1,0,0,0,0,1,1,1,1,0,0,7
"Budhanilkantha, Kathmandu",33500000.0,1369.0,13.0,NORTH,3.0,10.0,5.0,House,25.0,2,1,1,0,1,1,1,1,1,0,1,11
Other,35000000.0,1711.25,11.0,SOUTH-EAST,3.5,6.0,4.0,House,8.0,2,1,1,0,1,1,0,1,0,0,0,11
Other,27500000.0,1711.25,13.0,WEST,2.0,9.0,4.0,House,13.0,2,1,1,0,1,1,1,1,1,0,1,10
Other,22500000.0,1026.75,13.0,NORTH,2.5,7.0,3.0,House,11.0,0,1,0,0,0,1,1,0,1,0,1,11
"Imadol, Lalitpur",25000000.0,1026.75,13.0,EAST,3.0,7.0,6.0,House,7.0,0,1,1,0,1,1,1,0,0,0,1,11
"Sanagaun, Lalitpur",28000000.0,1813.925,15.0,EAST,3.0,6.0,6.0,House,10.0,0,1,1,0,1,1,1,0,0,1,1,11
"Imadol, Lalitpur",26000000.0,752.95,13.0,SOUTH,3.0,5.0,3.0,House,7.0,0,1,1,0,1,1,1,0,1,0,1,11
"Imadol, Lalitpur",28000000.0,1026.75,13.0,WEST,3.0,4.0,4.0,House,11.0,1,1,1,0,1,1,1,0,1,0,1,11
"Imadol, Lalitpur",27000000.0,1095.2,13.0,WEST,2.5,5.0,4.0,House,11.0,0,1,1,0,1,1,1,0,0,0,1,11
Other,29000000.0,1095.2,6.0,SOUTH,4.5,22.0,8.0,House,11.0,0,0,1,0,1,1,1,1,1,0,1,10
"Imadol, Lalitpur",32500000.0,1129.425,16.0,NORTH-WEST,3.0,5.0,5.0,House,8.0,0,1,1,0,1,1,1,1,1,1,1,11
Other,27000000.0,1026.75,20.0,SOUTH,2.5,3.0,4.0,House,15.0,0,1,1,0,1,1,1,0,0,0,1,11
"Deuwa Chowk, Kathmandu",65000000.0,2395.75,14.0,SOUTH,2.5,4.0,5.0,House,18.0,2,1,1,0,1,1,1,0,0,0,1,11
"Imadol, Lalitpur",27500000.0,1026.75,13.0,SOUTH-WEST,3.5,7.0,4.0,House,7.0,0,1,1,0,1,1,1,0,0,0,1,11
"Budhanilkantha, Kathmandu",57500000.0,1779.7,13.0,SOUTH-EAST,2.5,4.0,4.0,Bungalow,7.0,1,1,1,0,1,1,1,0,1,0,1,11
"Sitapaila, Kathmandu",50000000.0,1369.0,13.0,WEST,2.5,4.0,4.0,House,15.0,3,1,1,1,1,1,1,0,0,0,1,11
Other,17500000.0,1026.75,14.0,SOUTH,2.5,5.0,5.0,House,4.0,2,1,1,1,0,1,0,0,0,1,1,11
"Narayanthan, Kathmandu",55000000.0,1711.25,10.0,EAST,2.5,7.0,4.0,House,4.0,5,1,0,1,1,1,1,0,0,0,0,11
"Hepali Height, Kathmandu",46500000.0,1471.675,13.0,WEST,3.0,6.0,6.0,House,8.0,2,1,1,1,1,1,1,0,1,0,0,11
"Sanepa, Lalitpur",35000000.0,855.625,13.0,SOUTH-EAST,3.0,3.0,2.0,House,4.0,1,1,1,0,1,1,1,0,0,1,1,11
Other,22000000.0,437.4,23.0,EAST,3.0,4.0,4.0,House,4.0,2,1,1,1,0,1,1,1,0,0,0,11
Other,22000000.0,437.4,23.0,EAST,2.5,4.0,4.0,House,4.0,3,1,1,1,1,0,1,1,0,0,0,11
"Baluwatar, Kathmandu",76000000.0,2053.5,10.0,SOUTH,3.5,8.0,10.0,House,7.0,3,1,1,1,1,1,1,0,0,0,1,11
Other,73500000.0,3114.475,13.0,SOUTH-EAST,3.5,4.0,3.0,Bungalow,13.0,2,1,1,1,1,1,1,0,0,0,1,11
Other,23000000.0,1026.75,13.0,SOUTH-EAST,2.5,5.0,3.0,House,14.0,0,1,1,0,1,1,1,1,0,0,1,11
"Budhanilkantha, Kathmandu",39000000.0,2053.5,14.0,SOUTH-WEST,2.5,6.0,6.0,Bungalow,23.0,2,1,1,0,1,1,1,1,1,1,1,11
Other,35000000.0,1369.0,18.0,SOUTH-EAST,3.0,7.0,4.0,House,8.0,1,1,1,0,1,1,1,0,0,1,1,11
Other,16000000.0,752.95,12.0,EAST,2.5,5.0,3.0,House,23.0,1,1,1,0,1,0,1,1,0,0,1,11
Other,28000000.0,1129.425,13.0,WEST,3.0,5.0,5.0,Bungalow,11.0,1,1,1,0,0,0,1,0,0,0,1,11
"Budhanilkantha, Kathmandu",40000000.0,1369.0,16.0,WEST,3.0,10.0,4.0,House,7.0,0,1,1,0,1,1,1,0,0,1,1,11
"Pasikot, Kathmandu",22500000.0,1095.2,20.0,SOUTH,2.5,4.0,3.0,House,13.0,0,1,1,0,1,1,1,1,1,0,1,11
"Bhaisepati, Lalitpur",29000000.0,1369.0,15.0,SOUTH,2.5,4.0,3.0,House,7.0,0,0,1,0,1,1,1,1,1,0,1,9
Other,9000000.0,1822.5,10.0,NORTH,1.5,2.0,1.0,House,23.0,1,1,0,0,1,1,1,0,1,0,0,11
"Jyotinagar, Kathmandu",26500000.0,1026.75,20.0,SOUTH,2.0,4.0,2.0,House,8.0,0,1,1,0,1,0,1,0,0,1,1,11
"Pepsicola, Kathmandu",55500000.0,2121.9500000000003,20.0,SOUTH,3.5,6.0,6.0,House,5.0,3,1,0,0,1,0,1,1,1,0,0,9
Other,140000000.0,4791.5,15.0,SOUTH,4.5,28.0,7.0,Bungalow,25.0,9,1,1,0,0,1,1,0,0,0,1,11
Other,85000000.0,2053.5,12.0,SOUTH-EAST,4.0,8.0,6.0,House,13.0,2,1,1,0,1,1,0,1,0,0,1,11
"Sundarbasti, Kathmandu",33800000.0,1095.2,13.0,EAST,2.5,4.0,3.0,House,14.0,1,0,0,0,1,1,1,1,0,0,1,9
"Pepsicola, Kathmandu",29000000.0,1711.25,13.0,NORTH,2.5,5.0,5.0,House,8.0,0,1,0,0,1,1,1,0,1,0,0,11
Other,26000000.0,1095.2,13.0,EAST,2.5,5.0,3.0,House,8.0,0,1,0,0,1,1,1,0,1,0,0,11
Other,32500000.0,1095.2,18.0,EAST,3.5,6.0,3.0,House,23.0,0,0,0,0,1,1,1,1,1,1,1,9
"Bhangal, Kathmandu",45000000.0,1745.475,13.0,SOUTH-WEST,3.0,7.0,6.0,House,17.0,1,1,0,0,1,1,0,1,1,0,1,10
Other,15500000.0,1437.45,4.0,SOUTH,2.0,4.0,2.0,House,11.0,1,1,0,0,1,1,1,1,1,0,1,11
"Baluwakhani, Kathmandu",27500000.0,1095.2,10.0,WEST,2.5,6.0,4.0,House,15.0,1,1,1,0,1,1,1,0,0,1,1,11
Other,73000000.0,2190.4,20.0,SOUTH-EAST,2.5,4.0,3.0,House,15.0,2,1,1,1,0,1,1,1,1,0,1,10
"Syuchatar, Kathmandu",25000000.0,1711.25,16.0,EAST,2.5,4.0,3.0,House,18.0,1,0,1,0,1,1,1,1,1,0,1,11
"Kapan, Kathmandu",32000000.0,1369.0,13.0,SOUTH-EAST,2.5,5.0,4.0,House,5.0,2,1,0,0,1,1,0,0,1,0,1,11
"Imadol, Lalitpur",60000000.0,3080.25,13.0,EAST,2.5,6.0,4.0,House,18.0,2,1,1,1,1,1,1,0,1,0,1,11
Other,6500000.0,410.7,20.0,EAST,2.5,2.0,1.0,House,33.0,0,0,0,0,0,0,0,0,0,0,0,3
"Nakhipot, Lalitpur",46000000.0,2395.75,13.0,SOUTH-EAST,2.5,6.0,5.0,House,8.0,3,1,1,0,1,0,0,0,1,0,1,11
"Sitapaila, Kathmandu",49500000.0,2806.45,12.0,SOUTH-EAST,3.5,8.0,7.0,House,15.0,3,1,1,0,1,1,0,0,1,0,1,11
"Pasikot, Kathmandu",28000000.0,1711.25,13.0,SOUTH,3.5,8.0,4.0,House,21.0,1,0,1,1,1,1,1,1,0,0,1,11
"Imadol, Lalitpur",21500000.0,787.175,13.0,EAST,3.0,3.0,3.0,House,4.0,1,1,1,0,0,1,1,1,0,0,0,11
"Baluwakhani, Kathmandu",21500000.0,1026.75,12.0,SOUTH-EAST,3.0,4.0,3.0,House,18.0,1,1,1,0,1,0,1,1,1,0,1,11
Other,60000000.0,3490.95,13.0,SOUTH-WEST,3.5,5.0,4.0,House,7.0,2,1,1,1,1,1,1,0,0,0,1,11
Other,38000000.0,1437.45,13.0,NORTH-EAST,2.5,7.0,4.0,House,7.0,2,1,0,0,1,0,1,1,1,0,0,11
Other,27500000.0,1369.0,13.0,SOUTH-EAST,2.5,5.0,4.0,House,7.0,2,0,1,0,0,1,1,1,0,1,0,11
"Ganesh Chowk, Kathmandu",58000000.0,2053.5,20.0,NORTH,3.5,8.0,3.0,House,15.0,2,1,1,0,0,1,1,1,0,0,1,10
"Bhaisepati, Lalitpur",42500000.0,1711.25,20.0,SOUTH,3.0,7.0,3.0,House,7.0,1,1,1,0,0,1,1,1,0,0,1,11
Other,27500000.0,1129.425,12.0,SOUTH-EAST,3.0,8.0,3.0,House,23.0,1,1,1,0,1,1,1,0,0,1,0,11
"Thaiba, Lalitpur",50000000.0,2053.5,20.0,SOUTH,2.5,3.0,3.0,House,5.0,1,1,1,1,1,1,1,1,0,0,1,11
Other,39000000.0,1471.675,13.0,WEST,2.5,6.0,4.0,House,8.0,0,1,1,0,1,0,1,0,1,0,0,11
"Imadol, Lalitpur",42500000.0,1369.0,14.0,SOUTH,2.5,3.0,3.0,House,7.0,1,1,1,0,1,1,1,0,0,0,1,11
Other,56500000.0,1403.225,20.0,NORTH,2.5,4.0,5.0,House,18.0,2,1,1,0,1,1,1,0,0,0,1,11
Other,31000000.0,1403.225,13.0,EAST,2.5,4.0,3.0,House,7.0,2,1,0,0,1,1,1,1,1,0,1,11
"Imadol, Lalitpur",22500000.0,1026.75,16.0,EAST,1.0,6.0,3.0,House,13.0,1,1,0,0,1,0,1,1,1,1,0,11
"Imadol, Lalitpur",45000000.0,2395.75,16.0,SOUTH,2.5,4.0,3.0,House,10.0,2,1,1,0,1,1,1,1,0,0,1,11
"Imadol, Lalitpur",42500000.0,1369.0,14.0,SOUTH,2.5,3.0,3.0,House,7.0,1,1,0,0,1,1,1,1,1,0,1,11
"Lubhu, Lalitpur",22000000.0,1026.75,13.0,SOUTH,2.5,5.0,4.0,House,7.0,1,1,0,0,1,1,1,0,1,0,1,11
"Imadol, Lalitpur",45000000.0,1437.45,13.0,EAST,2.5,4.0,3.0,House,15.0,1,1,1,0,1,1,1,0,0,1,1,11
Other,85000000.0,3182.925,12.0,SOUTH,2.5,6.0,5.0,House,8.0,1,1,1,0,1,1,1,0,0,1,0,11
"Nakhipot, Lalitpur",20000000.0,855.625,13.0,EAST,2.5,4.0,3.0,House,7.0,1,1,1,0,1,1,1,0,0,0,1,11
"Naxal, Kathmandu",55000000.0,1369.0,13.0,WEST,2.5,3.0,3.0,House,23.0,1,1,1,0,1,1,0,1,1,1,0,11
Other,36000000.0,4107.0,20.0,EAST,2.5,7.0,7.0,Villa,8.0,3,1,0,0,1,1,1,1,1,0,0,10
"Bafal, Kathmandu",37000000.0,1095.2,14.0,NORTH-EAST,2.5,4.0,3.0,House,7.0,1,1,1,0,0,1,0,1,1,1,0,10
"Banasthali, Kathmandu",34000000.0,1369.0,13.0,EAST,3.0,6.0,4.0,House,15.0,2,1,1,1,1,1,0,0,1,1,0,11
"Budhanilkantha, Kathmandu",57500000.0,3080.25,12.0,SOUTH,2.5,4.0,3.0,House,8.0,2,1,1,1,1,1,0,0,1,0,0,11
Other,67500000.0,2053.5,15.0,NORTH,2.5,5.0,5.0,Bungalow,7.0,0,1,1,0,1,1,1,0,1,1,0,11
Other,120000000.0,4107.0,16.0,NORTH,1.5,3.0,2.0,Villa,23.0,4,1,1,1,1,1,1,1,1,1,0,11
"Thankot, Kathmandu",22000000.0,1711.25,10.0,WEST,2.5,6.0,3.0,House,5.0,2,1,1,1,1,1,0,0,1,1,0,11
Other,23000000.0,787.175,13.0,SOUTH,2.5,5.0,5.0,House,7.0,1,1,1,1,1,1,0,1,1,0,0,10
Other,15000000.0,1060.9750000000001,10.0,SOUTH,1.0,2.0,1.0,House,23.0,1,1,0,0,1,1,1,1,1,0,0,9
Other,16800000.0,376.475,20.0,EAST,3.5,3.0,3.0,House,34.0,0,0,0,0,1,1,0,0,0,1,1,11
Other,17300000.0,1026.75,15.0,SOUTH,2.5,1.0,1.0,House,13.0,1,1,1,1,1,1,1,0,1,0,0,9
"Hattigaunda, Kathmandu",77000000.0,2121.9500000000003,30.0,WEST,2.5,4.0,5.0,Bungalow,34.0,1,1,0,1,1,0,1,0,0,0,1,11
Other,22000000.0,1711.25,10.0,SOUTH,2.5,6.0,3.0,Villa,9.0,1,1,1,1,1,1,0,0,0,1,0,11
"Pasikot, Kathmandu",31000000.0,1300.55,13.0,EAST,2.5,5.0,3.0,House,8.0,1,1,0,0,1,1,1,1,1,0,0,9
"Pasikot, Kathmandu",29900000.000000004,1369.0,13.0,SOUTH-EAST,2.5,5.0,5.0,House,7.0,0,1,1,0,1,1,1,1,1,0,0,11
"Bhaisepati, Lalitpur",135000000.0,4449.25,16.0,SOUTH,2.5,7.0,5.0,Bungalow,23.0,3,1,1,1,1,1,0,0,0,0,0,11
"Gothatar, Kathmandu",21000000.0,1026.75,10.0,SOUTH,2.5,5.0,3.0,House,5.0,1,1,0,0,1,1,1,1,0,0,0,11
Other,13000000.0,1437.45,13.0,NORTH-EAST,1.0,2.0,1.0,House,7.0,0,0,0,0,1,1,0,1,1,0,0,6
Other,18500000.0,1779.7,16.0,NORTH,1.0,2.0,1.0,House,34.0,0,1,0,0,1,1,1,1,1,0,0,8
"Narayanthan, Kathmandu",17000000.0,1369.0,20.0,SOUTH,1.0,2.0,1.0,House,34.0,0,1,0,0,1,1,1,1,1,0,0,8
"Kalanki, Kathmandu",60000000.0,1026.75,32.8084,WEST,5.0,1.0,1.0,House,13.0,1,0,1,0,1,1,1,1,1,1,0,10
Other,26500000.0,1095.2,13.0,NORTH,2.5,6.0,4.0,House,8.0,1,1,0,1,1,1,0,0,0,0,0,6
"Imadol, Lalitpur",19500000.0,1369.0,13.0,SOUTH,2.5,5.0,4.0,Bungalow,7.0,1,1,0,1,1,1,0,0,1,0,0,9
Other,85000000.0,2498.4249999999997,17.0,NORTH-EAST,2.5,5.0,4.0,House,7.0,2,1,0,1,1,1,1,0,1,0,0,11
Other,104000000.0,5476.0,65.6168,NORTH-WEST,2.5,5.0,3.0,House,23.0,2,1,0,0,1,1,0,0,0,0,0,5
Other,32500000.0,1369.0,13.0,NORTH,2.5,5.0,5.0,House,7.0,1,1,0,0,1,1,0,0,1,0,0,6
Other,26000000.0,1369.0,10.0,SOUTH,2.5,4.0,3.0,House,10.0,1,1,0,0,1,1,0,0,1,0,0,9
"Imadol, Lalitpur",29500000.0,1095.2,13.0,NORTH,2.5,8.0,3.0,House,36.0,1,1,1,0,1,0,1,0,0,0,1,11
Other,19000000.0,787.175,13.0,SOUTH,2.5,4.0,3.0,House,5.0,1,1,1,0,0,0,1,0,1,1,0,11
Other,25000000.0,7253.55,,UNKNOWN,2.0,,4.0,Bungalow,34.0,0,1,0,1,0,1,0,0,1,1,0,9
Other,13000000.0,400.95,,UNKNOWN,2.0,,4.0,House,33.0,0,1,0,0,0,1,0,0,1,0,0,6
"Baluwatar, Kathmandu",68000000.0,2806.45,14.0,EAST,2.5,6.0,3.0,House,33.0,2,1,0,0,1,1,0,0,0,0,0,4
"Dhapasi, Kathmandu",15500000.0,752.95,15.0,SOUTH,1.0,4.0,2.0,House,6.0,0,1,0,0,0,1,0,0,0,0,1,5
"Tikathali, Lalitpur",22000000.0,1026.75,42.65092,SOUTH-EAST,2.5,6.0,5.0,House,5.0,1,1,0,0,0,1,1,1,0,0,0,11
Other,43000000.0,2395.75,16.5,UNKNOWN,2.5,5.0,4.0,House,8.0,0,1,0,0,1,1,0,0,0,0,0,4
"Budhanilkantha, Kathmandu",34500000.0,1095.2,13.0,EAST,2.5,6.0,3.0,House,23.0,0,1,0,0,1,1,0,0,0,0,0,4
Other,25000000.0,1095.2,13.0,EAST,2.5,6.0,3.0,House,17.0,0,1,0,0,1,1,0,0,0,0,0,4
Other,36500000.0,1745.475,14.0,NORTH-EAST,2.5,5.0,3.0,House,11.0,0,1,0,0,1,1,0,0,0,0,0,4
"Golfutar, Kathmandu",54900000.0,2395.75,13.0,NORTH-EAST,2.0,5.0,5.0,House,6.0,0,1,0,0,1,1,0,0,0,0,0,4
"Dhapasi, Kathmandu",75000000.0,3148.7,13.0,EAST,2.5,6.0,6.0,House,15.0,0,1,0,0,1,1,0,0,0,0,0,4
Other,37000000.0,2053.5,12.0,WEST,2.0,4.0,5.0,House,18.0,0,1,0,0,1,1,0,0,0,0,0,4
"Dhapakhel, Lalitpur",38000000.0,1369.0,20.0,SOUTH,3.5,6.0,4.0,House,5.0,0,1,0,0,1,1,0,0,0,0,0,4
Other,67500000.0,2395.75,26.0,EAST,2.5,5.0,4.0,House,18.0,0,1,0,0,1,1,0,0,0,0,0,4
Other,31000000.0,1095.2,13.0,EAST,3.5,7.0,3.0,House,11.0,0,1,0,0,1,1,0,0,0,0,0,4
Other,40000000.0,1779.7,13.0,WEST,2.5,5.0,4.0,House,33.0,0,1,0,0,1,1,1,0,0,0,0,8
"Hepali Height, Kathmandu",55000000.0,1779.7,15.0,NORTH-EAST,2.5,5.0,5.0,House,15.0,0,1,0,0,1,1,0,0,0,0,0,4
"Kapan, Kathmandu",31000000.0,1471.675,13.0,SOUTH-EAST,2.0,6.0,6.0,House,33.0,0,1,0,0,1,1,0,0,0,0,0,4
"Nakhipot, Lalitpur",33000000.0,1095.2,20.0,SOUTH,2.5,6.0,4.0,House,15.0,0,1,0,0,1,1,0,0,0,0,0,5
"Nakhipot, Lalitpur",29000000.0,1026.75,20.0,SOUTH,2.5,6.0,4.0,House,5.0,0,1,0,0,1,0,0,0,0,0,1,5
"Satdobato, Lalitpur",52500000.0,2464.2000000000003,18.0,NORTH,4.0,8.0,6.0,House,6.0,0,1,0,0,1,1,0,0,0,0,0,5
"Imadol, Lalitpur",39900000.0,1163.6499999999999,16.0,NORTH-WEST,2.5,6.0,3.0,House,6.0,0,1,0,0,1,1,0,0,0,0,0,4
"Hattiban, Lalitpur",55000000.0,2395.75,20.0,SOUTH,3.0,5.0,5.0,House,6.0,0,1,0,0,1,1,0,0,0,0,0,4
"Imadol, Lalitpur",27500000.0,1060.9750000000001,20.0,SOUTH,2.5,7.0,5.0,House,5.0,0,1,0,0,1,1,0,0,0,0,0,4
"Bhangal, Kathmandu",32000000.0,1060.9750000000001,13.0,NORTH,2.5,5.0,6.0,House,5.0,0,1,0,0,1,1,0,0,0,0,0,4
Other,35000000.0,1711.25,20.0,WEST,2.5,5.0,4.0,House,8.0,0,1,0,1,1,1,0,0,0,0,1,7
Other,20000000.0,958.3,15.0,SOUTH-EAST,2.5,6.0,2.0,House,5.0,0,1,0,1,0,1,1,0,0,0,1,7
"Sukedhara, Kathmandu",38500000.0,1369.0,13.0,SOUTH,2.5,4.0,4.0,House,8.0,0,1,0,0,1,1,0,0,0,0,0,4
"Kapan, Kathmandu",25000000.0,1026.75,13.0,WEST,2.5,6.0,4.0,House,8.0,0,1,0,0,1,1,0,0,0,0,0,4
Other,28000000.0,1437.45,11.0,SOUTH-EAST,3.5,7.0,4.0,House,3.0,0,1,0,0,1,1,0,0,0,0,0,4
"Budhanilkantha, Kathmandu",34500000.0,1369.0,13.0,WEST,2.5,6.0,5.0,House,5.0,0,1,0,0,1,1,0,0,0,0,0,4
Other,40000000.0,1095.2,11.0,SOUTH,2.5,4.0,6.0,House,5.0,0,1,0,0,1,1,0,0,0,0,0,4
"Mandikhatar, Kathmandu",27500000.0,1711.25,20.0,SOUTH,2.0,6.0,3.0,Villa,6.0,0,1,0,1,1,1,0,0,0,0,0,5
Other,32500000.0,1369.0,14.0,WEST,2.0,3.0,3.0,House,8.0,0,1,0,0,1,1,0,0,0,0,0,4
Other,12000000.0,1026.75,12.0,NORTH-EAST,1.5,2.0,2.0,House,5.0,0,1,0,0,1,1,0,0,0,0,0,4
Other,19000000.0,1095.2,10.0,NORTH,1.0,3.0,1.0,House,9.0,0,1,0,1,1,0,0,0,0,0,0,4
"Bhaisepati, Lalitpur",100000000.0,5818.25,12.5,SOUTH,2.0,4.0,3.0,Villa,3.0,0,1,0,1,1,1,0,0,0,0,0,5
"Budhanilkantha, Kathmandu",55000000.0,3080.25,11.0,NORTH,2.5,3.0,3.0,Bungalow,5.0,0,1,0,1,1,1,0,0,0,0,0,5
Other,16000000.0,855.625,8.0,SOUTH-EAST,2.5,4.0,2.0,House,5.0,0,1,0,0,0,0,1,0,0,0,0,4
"Budhanilkantha, Kathmandu",24500000.0,1129.425,13.0,WEST,2.5,3.0,3.0,House,7.0,0,1,0,0,1,1,0,0,0,0,1,6
Other,21000000.0,1026.75,13.0,SOUTH-EAST,3.0,7.0,3.0,House,8.0,0,1,0,0,1,1,0,0,0,0,0,4
"Kapan, Kathmandu",39000000.0,1095.2,12.0,EAST,3.5,6.0,3.0,House,7.0,0,1,0,0,1,1,0,0,0,0,0,4
"Bhaisepati, Lalitpur",45000000.0,1300.55,14.0,WEST,2.5,5.0,5.0,House,5.0,0,0,0,0,1,0,1,1,0,1,1,11
Other,100000000.0,3422.5,16.0,SOUTH,2.5,4.0,3.0,House,9.0,0,1,0,0,1,1,0,0,0,0,0,4
Other,31000000.0,1026.75,13.0,EAST,2.5,6.0,4.0,House,6.0,0,1,0,0,1,1,1,0,0,0,0,6
Other,160000000.0,5476.0,14.0,NORTH-EAST,2.5,7.0,6.0,House,6.0,0,1,0,0,1,1,0,0,0,0,0,4
"Sitapaila, Kathmandu",23500000.0,752.95,13.0,SOUTH-EAST,2.5,3.0,3.0,House,8.0,0,1,0,0,0,1,1,1,0,0,0,6
Other,20000000.0,787.175,13.0,SOUTH-EAST,2.0,3.0,2.0,House,5.0,0,1,0,0,1,1,0,0,0,0,0,5
Other,47000000.0,1471.675,13.0,SOUTH,3.0,5.0,4.0,House,9.0,0,1,0,0,1,0,0,0,0,0,1,5
Other,30500000.0,1437.45,13.0,SOUTH,2.5,5.0,4.0,House,3.0,0,1,0,0,1,1,1,0,0,0,0,5
Other,20000000.0,1095.2,12.0,SOUTH,2.5,7.0,3.0,House,5.0,0,1,0,0,1,1,0,0,0,0,0,4
Other,30000000.0,1026.75,12.0,SOUTH,2.5,4.0,4.0,House,5.0,0,1,0,0,1,1,0,0,0,0,0,4
"Imadol, Lalitpur",28000000.0,1095.2,15.0,SOUTH,2.5,5.0,3.0,House,5.0,0,1,0,0,1,0,1,0,0,0,0,6
"Nakkhu, Lalitpur",36000000.0,1403.225,13.0,SOUTH-WEST,2.5,4.0,5.0,House,6.0,0,0,0,1,1,1,1,1,0,0,1,11
Other,85000000.0,2806.45,15.0,SOUTH,4.0,10.0,8.0,House,8.0,0,0,0,0,1,1,1,0,0,0,0,5
"Pasikot, Kathmandu",28500000.0,1095.2,13.0,SOUTH-EAST,2.5,4.0,3.0,House,9.0,0,1,0,0,1,1,0,0,0,0,0,4
Other,75000000.0,3080.25,20.0,UNKNOWN,2.5,4.0,4.0,House,9.0,0,1,0,1,1,1,0,0,0,0,0,6
Other,37500000.0,1711.25,15.0,WEST,2.5,7.0,5.0,House,5.0,0,1,0,0,0,1,1,1,0,0,1,9
Other,17800000.0,1026.75,32.0,NORTH,2.0,5.0,2.0,House,6.0,0,1,0,0,0,1,1,0,0,0,0,4
Other,22000000.0,1129.425,13.0,SOUTH-EAST,2.5,5.0,3.0,House,6.0,0,1,0,0,1,1,0,0,0,0,0,4
Other,22000000.0,1060.9750000000001,12.0,EAST,2.5,5.0,3.0,House,5.0,0,1,0,0,1,0,0,0,0,0,0,4
"Sanagaun, Lalitpur",19000000.0,1369.0,16.0,WEST,2.5,6.0,4.0,House,15.0,0,1,0,0,1,1,0,0,0,0,0,5
Other,30000000.0,1369.0,26.0,SOUTH-EAST,2.5,8.0,6.0,House,13.0,0,1,0,0,1,1,0,0,0,0,0,4
"Bansbari, Kathmandu",10000000.0,1711.25,13.0,NORTH,1.0,3.0,1.0,House,4.0,0,0,0,1,0,1,0,0,0,0,0,3
"Hattiban, Lalitpur",20000000.0,1026.75,14.0,SOUTH-EAST,2.0,4.0,2.0,House,4.0,0,1,0,0,1,1,1,0,0,0,0,5
Other,35000000.0,1369.0,12.0,EAST,2.5,5.0,3.0,House,5.0,0,1,0,0,1,1,0,0,0,0,0,4
"Imadol, Lalitpur",24000000.0,1095.2,13.0,EAST,2.5,4.0,3.0,House,3.0,0,1,0,0,1,1,0,0,0,0,0,4
Other,26500000.0,1026.75,13.0,WEST,2.5,6.0,3.0,House,9.0,0,1,0,0,1,1,0,0,0,0,0,4
"Imadol, Lalitpur",27000000.0,1095.2,14.0,SOUTH-WEST,2.5,5.0,3.0,House,7.0,0,1,0,0,1,1,0,0,0,0,0,4
"Budhanilkantha, Kathmandu",30000000.0,1711.25,15.0,UNKNOWN,2.5,,4.0,House,7.0,0,1,0,0,1,1,0,0,0,0,0,5
"Imadol, Lalitpur",26000000.0,1197.875,12.0,NORTH-EAST,2.5,5.0,4.0,Bungalow,6.0,0,1,0,0,1,0,1,0,0,0,1,6
"Bhangal, Kathmandu",40000000.0,1711.25,20.0,EAST,2.5,5.0,4.0,House,8.0,0,1,0,0,1,1,0,0,0,0,1,6
Other,40000000.0,1403.225,12.0,NORTH,2.5,,4.0,House,15.0,0,1,0,0,1,1,0,0,0,0,0,4
"Rudreshwor, Kathmandu",35000000.0,2053.5,10.0,EAST,2.5,,4.0,House,7.0,0,1,0,0,1,1,1,1,0,1,0,10
Other,29000000.0,1437.45,13.0,NORTH-WEST,3.0,5.0,6.0,House,7.0,0,1,0,0,0,0,1,1,0,1,1,11
Other,13000000.0,1095.2,13.0,WEST,1.0,3.0,1.0,House,7.0,0,1,0,0,1,1,1,0,0,0,1,7
"Gongabu, Kathmandu",35000000.0,1369.0,12.0,SOUTH,3.5,5.0,3.0,House,7.0,0,1,0,0,1,1,0,0,0,0,0,7
"Kapan, Kathmandu",35500000.0,1403.225,13.0,WEST,2.5,5.0,1.0,House,7.0,0,1,0,0,1,1,0,0,0,0,0,4
"Dhapasi, Kathmandu",115000000.0,5818.25,13.0,SOUTH,2.5,6.0,4.0,Bungalow,7.0,0,1,0,1,1,1,0,0,0,0,0,6
"Hattiban, Lalitpur",55000000.0,2087.725,20.0,NORTH,2.5,5.0,4.0,House,6.0,0,1,0,0,1,1,0,0,0,0,0,4
"Naxal, Kathmandu",140000000.0,4107.0,13.0,EAST,2.0,,4.0,House,7.0,0,1,0,0,1,1,0,0,0,0,0,4
"Imadol, Lalitpur",36000000.0,1711.25,13.0,NORTH,3.0,4.0,1.0,House,9.0,0,1,0,0,1,1,0,0,0,0,0,4
Other,13000000.0,1437.45,13.0,NORTH-EAST,1.0,2.0,1.0,House,4.0,0,1,0,0,1,1,0,0,0,0,0,4
"Goldhunga, Kathmandu",12000000.0,1026.75,10.0,EAST,1.0,2.0,1.0,House,7.0,0,1,0,0,1,1,0,0,0,0,0,4
"Lubhu, Lalitpur",17000000.0,752.95,13.0,NORTH-EAST,2.5,6.0,2.0,House,7.0,0,1,0,0,1,1,0,0,0,0,0,5
"Thaiba, Lalitpur",28500000.0,1369.0,13.0,UNKNOWN,3.0,,4.0,House,9.0,0,1,0,0,1,1,0,0,0,0,0,4
"Imadol, Lalitpur",27500000.0,1060.9750000000001,20.0,EAST,2.5,5.0,3.0,House,7.0,0,1,0,0,1,1,0,0,0,0,0,4
"Hattiban, Lalitpur",65000000.0,2738.0,16.0,NORTH,2.5,7.0,5.0,Bungalow,7.0,4,1,1,0,1,1,1,0,0,0,0,11
"Bhaisepati, Lalitpur",59000000.0,1711.25,15.0,WEST,2.5,4.0,4.0,House,13.0,0,1,0,0,1,1,1,0,0,0,0,7
"Budhanilkantha, Kathmandu",36500000.0,1369.0,13.0,EAST,2.5,6.0,3.0,House,3.0,0,1,0,0,1,1,0,0,0,0,0,4
Other,27500000.0,1026.75,15.0,EAST,3.0,8.0,3.0,House,7.0,0,1,0,0,1,1,1,0,0,0,0,6
Other,16000000.0,1129.425,15.0,NORTH,2.5,6.0,3.0,House,7.0,0,1,0,0,1,1,1,0,0,0,0,5
Other,25000000.0,1369.0,15.0,EAST,3.5,7.0,4.0,House,7.0,0,1,0,0,1,1,0,0,0,0,0,4
Other,38700000.0,1369.0,30.0,NORTH-EAST,3.0,7.0,6.0,House,6.0,0,1,0,1,1,1,1,1,0,0,1,11
Other,45000000.0,1779.7,12.0,NORTH-EAST,2.5,5.0,3.0,House,6.0,0,1,0,0,1,1,1,0,0,0,1,7
"Mulpani, Kathmandu",24500000.0,1026.75,15.0,EAST,2.5,5.0,3.0,House,9.0,0,1,0,0,1,1,1,0,0,0,0,6
"Hattigaunda, Kathmandu",30000000.0,1369.0,13.0,SOUTH-EAST,3.0,4.0,3.0,House,3.0,2,0,0,0,1,0,1,0,0,1,1,11
Other,22000000.0,1300.55,15.0,SOUTH-EAST,1.0,2.0,2.0,House,7.0,0,1,0,0,1,1,0,0,0,0,0,4
"Sitapaila, Kathmandu",26500000.0,1129.425,20.0,WEST,2.5,6.0,4.0,House,7.0,0,1,0,0,1,1,0,0,0,0,0,4
"Kapan, Kathmandu",16500000.0,1026.75,12.0,EAST,1.0,2.0,1.0,House,10.0,0,1,0,0,1,1,1,0,0,0,0,5
"Bhaisepati, Lalitpur",36000000.0,1711.25,20.0,SOUTH-WEST,2.5,7.0,7.0,House,11.0,0,1,0,0,1,1,0,0,0,0,0,5
"Pasikot, Kathmandu",23000000.0,1026.75,18.0,WEST,2.5,5.0,3.0,House,10.0,0,1,0,0,1,1,0,0,0,0,0,4
"Chunikhel, Kathmandu",16000000.0,1026.75,12.0,EAST,2.5,4.0,4.0,House,10.0,0,1,0,0,1,1,0,0,0,0,0,4
Other,47500000.0,2806.45,13.0,NORTH,3.0,7.0,6.0,House,3.0,0,1,0,0,1,1,0,0,0,0,0,4
Other,29000000.0,1369.0,12.0,SOUTH,2.5,5.0,4.0,House,9.0,0,1,0,0,1,1,0,0,0,0,0,4
Other,23500000.0,4738.5,8.0,WEST,2.0,6.0,4.0,House,10.0,0,0,0,0,0,0,1,0,0,1,1,11
Other,34000000.0,1060.9750000000001,15.0,EAST,2.5,5.0,3.0,House,10.0,0,1,0,1,1,1,0,1,0,0,1,9
Other,24500000.0,1026.75,13.0,EAST,3.0,5.0,3.0,House,9.0,0,0,0,0,1,0,1,0,0,1,0,11
Other,140000000.0,3833.2,22.0,NORTH-EAST,2.5,,4.0,House,7.0,0,1,0,0,1,1,0,0,0,0,0,4
Other,100000000.0,5133.75,14.0,EAST,2.0,6.0,5.0,House,7.0,0,1,0,0,1,1,0,0,0,0,0,4
"Bafal, Kathmandu",37500000.0,1369.0,13.0,EAST,2.0,7.0,4.0,House,9.0,0,1,0,0,1,1,0,0,0,0,0,4
"Khumaltar, Lalitpur",42500000.0,1437.45,20.0,EAST,2.5,6.0,4.0,House,10.0,0,0,0,0,1,0,1,0,0,1,0,11
"Imadol, Lalitpur",21500000.0,787.175,12.0,NORTH,2.5,5.0,3.0,House,10.0,0,1,0,0,1,1,0,0,0,0,0,3
"Imadol, Lalitpur",37500000.0,1369.0,13.0,NORTH,2.5,5.0,5.0,House,7.0,0,1,0,0,1,1,0,0,0,0,0,4
"Gwarko, Lalitpur",47500000.0,1369.0,13.0,NORTH-WEST,3.5,7.0,5.0,House,7.0,0,1,0,0,1,1,0,0,0,0,0,4
"Imadol, Lalitpur",23500000.0,787.175,13.0,SOUTH,2.5,4.0,4.0,House,10.0,0,1,0,0,1,1,0,0,0,0,0,4
"Bafal, Kathmandu",90000000.0,2738.0,20.0,SOUTH,3.0,6.0,4.0,House,11.0,0,1,0,0,1,1,0,0,0,0,0,4
Other,22400000.000000004,1095.2,13.0,SOUTH,3.0,8.0,4.0,House,9.0,0,1,0,1,1,0,1,1,0,0,1,11
"Kapan, Kathmandu",26500000.0,1129.425,13.0,SOUTH,2.5,7.0,5.0,House,10.0,0,1,0,0,1,1,0,0,0,0,0,4
"Dhapasi, Kathmandu",39900000.0,1369.0,15.0,SOUTH,2.5,6.0,4.0,House,13.0,0,1,0,0,1,1,0,0,0,0,0,5
Other,33500000.0,1026.75,18.0,EAST,4.5,6.0,4.0,House,20.0,0,1,0,0,1,1,1,0,0,0,1,7
Other,49000000.0,1369.0,18.0,SOUTH,2.5,6.0,5.0,House,12.0,0,1,0,1,1,1,1,0,0,0,1,8
Other,37000000.0,2087.725,12.0,NORTH,2.5,5.0,3.0,House,18.0,0,1,0,0,1,1,0,0,0,0,1,6
"Imadol, Lalitpur",27500000.0,1026.75,20.0,NORTH-WEST,2.5,5.0,3.0,House,11.0,0,1,0,0,1,1,0,0,0,0,0,4
"Bhaisepati, Lalitpur",64000000.0,2053.5,20.0,SOUTH,2.5,4.0,5.0,Villa,25.0,0,1,0,0,1,1,1,1,0,0,0,8
Other,40000000.0,2395.75,14.0,WEST,2.5,12.0,4.0,House,15.0,0,1,0,0,1,1,0,0,0,0,0,4
Other,40000000.0,1711.25,14.0,EAST,1.5,2.0,2.0,House,9.0,0,1,0,0,1,1,0,0,0,0,0,4
Other,29900000.000000004,1369.0,20.0,SOUTH,2.5,4.0,4.0,House,11.0,0,0,0,1,1,1,1,0,0,0,0,6
"Budhanilkantha, Kathmandu",38500000.0,1369.0,13.0,NORTH-EAST,2.5,7.0,5.0,House,13.0,0,1,0,0,1,1,0,0,0,0,0,4
Other,32500000.0,1711.25,16.5,SOUTH-WEST,3.0,,4.0,House,9.0,0,1,0,0,1,1,0,0,0,0,0,5
Other,37500000.0,1095.2,16.0,SOUTH-WEST,2.5,7.0,4.0,House,7.0,0,0,0,1,1,0,1,0,0,1,1,11
Other,19600000.0,1026.75,9.0,EAST,4.0,11.0,5.0,House,7.0,0,1,0,1,1,0,1,1,0,1,1,11
"Jarankhu, Kathmandu",28400000.0,1711.25,22.0,EAST,3.0,5.0,5.0,Bungalow,9.0,0,0,0,0,1,0,1,0,0,1,1,11
Other,16200000.000000002,1026.75,9.0,EAST,4.0,9.0,6.0,House,18.0,0,1,0,1,1,0,1,1,0,1,1,11
Other,55000000.0,2053.5,13.0,NORTH-EAST,3.5,10.0,6.0,House,11.0,0,1,0,0,1,1,0,0,0,0,0,4
Other,50000000.0,1711.25,20.0,NORTH-WEST,4.5,8.0,6.0,Bungalow,12.0,0,1,0,1,1,1,0,1,0,0,0,7
"Imadol, Lalitpur",33000000.0,1095.2,20.5,SOUTH-WEST,2.5,6.0,4.0,House,13.0,0,1,0,0,1,1,0,0,0,0,0,4
"Bhangal, Kathmandu",27500000.0,1369.0,12.0,WEST,2.5,4.0,4.0,House,13.0,0,1,0,0,1,1,0,0,0,0,0,4
Other,42500000.0,1711.25,16.0,EAST,3.0,7.0,6.0,Bungalow,11.0,0,0,0,0,1,0,1,0,0,1,1,11
Other,21000000.0,1369.0,20.0,NORTH,2.0,4.0,2.0,House,11.0,0,1,0,0,1,1,0,0,0,0,0,4
"Imadol, Lalitpur",23000000.0,787.175,13.0,EAST,2.5,4.0,4.0,House,7.0,0,1,0,0,1,1,0,0,0,0,0,4
"Imadol, Lalitpur",42500000.0,1129.425,20.0,SOUTH,2.5,5.0,4.0,House,19.0,0,1,0,0,0,1,0,0,0,0,0,3
"Setipakha, Lalitpur",26500000.0,1060.9750000000001,13.0,NORTH-EAST,2.5,4.0,4.0,House,19.0,0,1,0,0,1,1,0,0,0,0,0,4
"Bhaisepati, Lalitpur",70000000.0,2053.5,13.0,WEST,3.5,4.0,5.0,House,13.0,0,1,0,0,1,1,0,0,0,0,0,4
Other,20000000.0,1026.75,20.0,SOUTH-WEST,2.5,4.0,4.0,House,7.0,0,1,0,0,0,0,1,0,0,0,0,3
"Kapan, Kathmandu",24000000.0,1369.0,15.0,SOUTH,1.0,2.0,1.0,House,9.0,0,1,0,0,1,1,0,0,0,0,0,4
"Ochu Height, Lalitpur",41000000.0,1711.25,13.0,EAST,3.5,8.0,6.0,House,13.0,0,1,0,0,1,1,0,0,0,0,0,4
Other,44500000.0,2121.9500000000003,12.0,SOUTH,3.0,6.0,3.0,House,18.0,0,1,0,0,1,1,0,0,0,0,0,4
Other,45000000.0,3525.175,13.0,NORTH-EAST,2.5,6.0,3.0,House,13.0,0,1,0,0,1,1,0,0,0,0,0,4
Other,27500000.0,1026.75,22.0,SOUTH,3.5,6.0,7.0,House,14.0,0,1,0,0,1,1,0,0,0,0,0,4
"Imadol, Lalitpur",45000000.0,1095.2,20.0,EAST,2.5,4.0,4.0,House,13.0,0,1,0,1,1,1,0,0,0,0,0,5
"Budhanilkantha, Kathmandu",68000000.0,2738.0,20.0,SOUTH-WEST,3.0,5.0,6.0,House,18.0,0,1,0,0,1,1,0,0,0,0,0,4
Other,6000000.0,546.75,10.0,EAST,2.0,2.0,1.0,House,24.0,0,1,0,1,0,1,0,0,0,0,0,4
"Jyotinagar, Kathmandu",46500000.0,1745.475,13.0,EAST,2.5,4.0,3.0,House,14.0,0,1,0,0,1,1,0,0,0,0,0,4
"Hattigaunda, Kathmandu",34500000.0,1437.45,13.0,WEST,2.0,5.0,5.0,House,4.0,0,1,0,0,1,1,0,0,0,0,0,4
Other,21000000.0,2395.75,13.0,NORTH-EAST,2.5,6.0,3.0,House,7.0,0,1,0,1,0,0,1,1,0,0,1,11
Other,42000000.0,1437.45,16.0,SOUTH-EAST,2.5,6.0,5.0,House,28.0,0,1,0,0,1,1,0,0,0,0,0,4
"Imadol, Lalitpur",43000000.0,1095.2,14.0,EAST,2.5,4.0,4.0,House,13.0,0,1,0,1,1,1,0,0,0,0,0,5
"Imadol, Lalitpur",25500000.0,1026.75,13.0,WEST,2.5,5.0,4.0,House,13.0,0,1,0,0,1,1,0,0,0,0,0,4
"Imadol, Lalitpur",27500000.0,1026.75,13.0,SOUTH,2.5,5.0,4.0,House,11.0,0,1,0,0,1,1,0,0,0,0,0,4
Other,27000000.0,1026.75,20.0,WEST,2.5,4.0,4.0,House,11.0,0,1,0,0,1,1,0,0,0,0,0,4
"Thaiba, Lalitpur",24000000.0,1095.2,13.0,EAST,2.5,4.0,3.0,House,4.0,0,1,0,0,1,1,0,0,0,0,0,4
"Dhapasi, Kathmandu",29000000.0,1095.2,14.0,NORTH,2.5,4.0,3.0,House,28.0,0,1,0,0,1,1,0,0,0,0,0,4
Other,36000000.0,1711.25,12.0,NORTH,2.5,7.0,4.0,House,14.0,0,1,0,0,1,1,0,0,0,0,0,4
Other,57000000.0,2464.2000000000003,20.0,EAST,2.5,4.0,3.0,House,4.0,0,1,0,1,1,0,0,0,0,0,0,4
"Ganesh Chowk, Kathmandu",41700000.0,1369.0,13.0,WEST,2.5,4.0,5.0,House,4.0,0,0,0,0,0,0,1,1,0,0,0,3
"Budhanilkantha, Kathmandu",29900000.000000004,1060.9750000000001,13.0,EAST,2.5,6.0,5.0,House,10.0,0,1,0,0,1,1,0,0,0,0,0,4
"Imadol, Lalitpur",20000000.0,1095.2,12.0,EAST,3.0,6.0,2.0,House,11.0,0,1,0,0,1,0,1,0,0,0,0,5
Other,33000000.0,1369.0,11.0,SOUTH,2.5,5.0,3.0,House,4.0,0,1,0,0,1,1,0,0,0,0,0,4
"Nakhipot, Lalitpur",39000000.0,1369.0,12.5,EAST,2.5,6.0,5.0,House,28.0,0,1,0,0,1,1,0,0,0,0,0,4
"Setipakha, Lalitpur",26500000.0,1369.0,13.0,WEST,3.0,8.0,8.0,House,13.0,0,0,0,1,0,0,1,1,0,1,0,11
"Imadol, Lalitpur",28000000.0,11664.0,13.0,SOUTH,2.5,6.0,4.0,House,11.0,0,1,0,0,1,1,0,0,0,0,0,4
"Sanagaun, Lalitpur",33500000.0,1711.25,20.0,EAST,2.5,7.0,4.0,House,7.0,0,1,0,0,1,1,0,0,0,0,0,4
"Imadol, Lalitpur",14000000.0,855.625,10.0,SOUTH,1.0,1.0,1.0,House,10.0,0,1,0,0,1,1,0,0,0,0,0,4
"Tikathali, Lalitpur",25500000.0,1026.75,13.0,SOUTH,2.5,5.0,3.0,House,7.0,0,1,0,0,1,1,0,0,0,0,0,4
"Imadol, Lalitpur",32500000.0,1369.0,15.0,WEST,2.5,6.0,4.0,House,14.0,0,1,0,0,1,0,1,0,0,0,0,5
"Sitapaila, Kathmandu",22500000.0,1060.9750000000001,18.0,NORTH,2.5,4.0,3.0,House,5.0,0,1,0,1,1,1,1,0,0,0,0,8
"Tikathali, Lalitpur",23000000.0,1026.75,13.0,SOUTH,2.5,7.0,3.0,House,10.0,0,1,0,0,1,1,0,0,0,0,0,4
"Pasikot, Kathmandu",35000000.0,1369.0,13.0,SOUTH-EAST,2.5,5.0,4.0,House,7.0,0,1,0,0,1,1,0,0,0,0,0,4
"Imadol, Lalitpur",26500000.0,1060.9750000000001,20.0,SOUTH,2.5,4.0,4.0,House,22.0,0,1,0,0,1,1,0,0,0,0,0,4
"Sanagaun, Lalitpur",29500000.0,1369.0,13.0,NORTH-EAST,2.5,6.0,5.0,House,14.0,0,1,0,0,1,1,0,0,0,0,0,4
"Tikathali, Lalitpur",16000000.0,1060.9750000000001,13.0,NORTH-EAST,1.0,2.0,1.0,House,12.0,0,1,0,0,1,1,0,0,0,0,0,4
Other,27000000.0,787.175,13.0,EAST,3.5,6.0,4.0,House,4.0,0,1,0,0,0,0,1,1,0,1,1,11
Other,35000000.0,5467.5,26.0,WEST,1.5,2.0,1.0,House,7.0,0,0,0,1,1,1,1,0,0,0,0,7
"Tikathali, Lalitpur",23000000.0,1026.75,13.0,SOUTH,2.5,7.0,3.0,House,10.0,0,1,0,0,1,1,0,0,0,0,0,4
"Tikathali, Lalitpur",23000000.0,1026.75,13.0,SOUTH,2.5,4.0,3.0,House,7.0,0,1,0,0,1,1,0,0,0,0,0,4
"Sundarbasti, Kathmandu",38800000.0,1437.45,13.0,NORTH-EAST,3.5,6.0,5.0,House,14.0,0,1,0,0,1,1,0,0,0,0,0,4
"Mandikhatar, Kathmandu",39800000.0,1403.225,13.0,EAST,2.5,7.0,5.0,House,13.0,0,1,0,0,1,1,0,0,0,0,0,4
"Budhanilkantha, Kathmandu",43500000.0,1711.25,13.0,WEST,2.5,5.0,5.0,House,11.0,0,1,0,0,1,1,0,0,0,0,0,4
"Syuchatar, Kathmandu",23000000.0,1026.75,10.0,NORTH-WEST,3.0,4.0,2.0,House,11.0,0,1,0,0,1,1,0,0,0,0,0,4
"Kalanki, Kathmandu",23000000.0,1026.75,10.0,SOUTH,2.5,5.0,3.0,House,14.0,0,1,0,0,1,1,0,0,0,0,0,4
"Pepsicola, Kathmandu",34000000.0,1060.9750000000001,20.0,NORTH,2.5,4.0,4.0,House,13.0,0,1,0,0,1,1,1,1,0,0,0,8
Other,15000000.0,752.95,4.0,EAST,3.0,3.0,3.0,House,11.0,0,1,0,0,0,1,0,0,0,0,0,3
Other,38000000.0,1026.75,20.0,SOUTH-WEST,3.5,6.0,4.0,House,11.0,0,1,0,0,1,1,0,0,0,0,1,8
"Kapan, Kathmandu",35000000.0,2053.5,11.0,NORTH-WEST,2.5,12.0,4.0,House,14.0,0,1,0,0,1,1,0,0,0,0,0,4
"Mandikhatar, Kathmandu",37500000.0,1369.0,13.0,SOUTH,2.5,6.0,5.0,House,14.0,0,1,0,0,1,1,0,0,0,0,0,4
"Tikathali, Lalitpur",42500000.0,1437.45,13.0,NORTH,3.0,8.0,5.0,House,4.0,0,1,0,0,1,1,0,0,0,0,0,4
"Imadol, Lalitpur",34500000.0,1403.225,13.0,NORTH,2.5,5.0,4.0,House,4.0,0,1,0,0,1,1,0,0,0,0,0,4
"Imadol, Lalitpur",26500000.0,1026.75,13.0,NORTH,3.5,5.0,5.0,House,7.0,0,1,0,0,1,1,0,0,0,0,0,4
"Imadol, Lalitpur",31500000.0,1060.9750000000001,13.0,SOUTH,3.0,5.0,4.0,House,10.0,0,1,0,0,1,1,0,0,0,0,0,4
"Tikathali, Lalitpur",37500000.0,1129.425,13.0,SOUTH,2.5,5.0,4.0,House,7.0,0,1,0,0,1,1,0,0,0,0,0,4
"Nakhipot, Lalitpur",27000000.0,1095.2,15.0,SOUTH,2.5,4.0,4.0,House,11.0,0,1,0,0,1,1,0,0,0,0,1,6
Other,39000000.0,1779.7,13.0,EAST,2.5,5.0,4.0,House,11.0,0,1,0,0,1,1,0,0,0,0,0,4
Other,40000000.0,2053.5,4.0,WEST,2.5,6.0,4.0,House,10.0,0,0,0,0,1,1,0,0,0,0,0,4
Other,35000000.0,1095.2,13.0,SOUTH,2.5,5.0,3.0,House,9.0,0,1,0,0,1,1,0,0,0,0,0,4
"Bhaisepati, Lalitpur",58600000.0,1403.225,20.0,WEST,3.0,4.0,5.0,Villa,7.0,0,1,0,0,0,1,1,1,0,0,0,7
Other,45000000.0,3080.25,26.0,NORTH,2.5,5.0,2.0,House,7.0,0,1,0,1,0,1,0,0,0,0,0,4
"Bansbari, Kathmandu",51000000.0,1437.45,12.0,SOUTH,2.5,5.0,5.0,Bungalow,13.0,0,1,0,0,1,0,1,0,0,0,1,6
Other,26000000.0,1095.2,10.0,NORTH,2.5,5.0,2.0,House,4.0,0,1,0,0,1,1,0,0,0,0,0,4
"Dhapasi, Kathmandu",27000000.0,1026.75,13.0,NORTH,2.5,5.0,3.0,House,11.0,0,1,0,0,1,1,0,0,0,0,0,4
Other,12000000.0,1095.2,13.0,NORTH,1.5,3.0,2.0,House,9.0,0,1,0,0,1,1,0,0,0,0,0,4
"Imadol, Lalitpur",38500000.0,1779.7,18.0,EAST,3.0,7.0,5.0,House,7.0,0,1,0,1,1,1,1,1,0,0,0,10
"Bansbari, Kathmandu",52000000.0,1471.675,12.0,SOUTH,2.5,4.0,5.0,House,7.0,0,1,0,0,1,0,1,0,0,0,1,6
"Thaiba, Lalitpur",26000000.0,1403.225,13.0,SOUTH,2.5,2.0,3.0,House,10.0,0,1,0,0,1,1,0,0,0,0,0,4
"Imadol, Lalitpur",24000000.0,787.175,13.0,SOUTH,3.5,5.0,4.0,House,13.0,0,1,0,0,1,1,0,0,0,0,0,4
"Imadol, Lalitpur",31000000.0,1095.2,13.0,EAST,3.5,5.0,3.0,House,18.0,0,1,0,0,1,1,0,0,0,0,0,4
"Imadol, Lalitpur",25500000.0,1026.75,13.0,NORTH,2.5,6.0,3.0,House,17.0,0,1,0,0,1,1,0,0,0,0,0,4
Other,28500000.0,1095.2,12.0,EAST,2.5,4.0,3.0,House,11.0,0,1,0,0,1,1,0,0,0,0,0,4
"Sunakothi, Lalitpur",51500000.0,2395.75,20.0,NORTH,2.5,4.0,4.0,House,11.0,0,1,0,0,1,1,0,0,0,0,0,4
Other,22000000.0,1026.75,16.5,EAST,2.5,5.0,5.0,House,13.0,0,1,0,0,1,1,0,0,0,0,0,4
Other,27000000.0,1129.425,13.0,SOUTH-WEST,2.5,7.0,3.0,House,13.0,0,1,0,0,1,1,0,0,0,0,0,4
"Kapan, Kathmandu",29500000.0,1095.2,13.0,NORTH,2.5,6.0,5.0,House,9.0,0,1,0,0,1,1,0,0,0,0,0,4
"Budhanilkantha, Kathmandu",28000000.0,1026.75,13.0,NORTH,2.5,6.0,3.0,House,7.0,0,1,0,0,1,1,0,0,0,0,0,4
Other,57500000.0,3114.475,15.0,NORTH,2.5,4.0,3.0,Bungalow,7.0,0,1,0,0,1,1,1,0,0,0,0,6
"Banasthali, Kathmandu",35000000.0,787.175,15.0,SOUTH-WEST,3.5,6.0,4.0,House,4.0,0,1,0,0,1,1,0,0,0,0,0,4
"Bhaisepati, Lalitpur",140000000.0,2806.45,13.0,SOUTH,2.0,4.0,5.0,House,11.0,0,1,0,0,1,1,0,0,0,0,0,4
Other,17500000.0,1060.9750000000001,11.0,WEST,2.0,6.0,3.0,House,11.0,0,1,0,0,1,1,0,0,0,0,0,4
"Budhanilkantha, Kathmandu",28800000.0,1095.2,10.0,UNKNOWN,2.5,5.0,4.0,House,4.0,0,1,0,0,1,1,0,0,0,0,0,4
"Dhapakhel, Lalitpur",27500000.0,3080.25,4.0,NORTH-EAST,2.5,,4.0,House,11.0,0,1,0,1,1,1,0,0,0,0,1,7
"Kalanki, Kathmandu",23500000.0,1060.9750000000001,13.0,EAST,2.5,5.0,4.0,House,14.0,0,1,0,0,1,1,0,0,0,0,0,4
Other,25000000.0,1369.0,8.0,SOUTH-EAST,3.5,4.0,2.0,House,14.0,0,1,0,0,1,1,0,0,0,0,0,4
"Dhapasi, Kathmandu",51000000.0,2053.5,20.0,EAST,2.5,4.0,2.0,House,4.0,0,1,0,1,1,1,0,0,0,0,0,6
"Sanepa, Lalitpur",63500000.0,2293.0750000000003,14.0,NORTH-WEST,2.5,5.0,5.0,House,4.0,0,0,0,0,0,0,1,0,0,1,0,11
"Hepali Height, Kathmandu",70000000.0,1813.925,17.0,EAST,2.0,4.0,4.0,Bungalow,7.0,0,1,0,1,1,1,1,0,0,0,1,9
"Bhaisepati, Lalitpur",78000000.0,2395.75,13.0,NORTH,2.5,5.0,5.0,Bungalow,11.0,0,1,0,0,1,1,1,1,0,0,0,8
"Bhaisepati, Lalitpur",85000000.0,2395.75,13.0,EAST,2.5,5.0,5.0,Bungalow,3.0,0,1,0,0,1,1,0,0,0,0,0,4
"Imadol, Lalitpur",25000000.0,1026.75,13.0,EAST,2.5,5.0,3.0,House,11.0,0,1,0,0,1,1,0,0,0,0,0,4
"Tikathali, Lalitpur",16500000.0,1026.75,13.0,NORTH,1.0,2.0,1.0,House,9.0,0,1,0,0,1,1,0,0,0,0,0,4
"Budhanilkantha, Kathmandu",34500000.0,1369.0,13.0,EAST,2.5,6.0,3.0,House,10.0,0,1,0,0,1,1,0,0,0,0,0,4
"Bafal, Kathmandu",23500000.0,752.95,12.0,NORTH,2.5,6.0,2.0,House,9.0,0,1,0,0,1,1,0,0,0,0,0,4
"Kalanki, Kathmandu",38500000.0,1437.45,13.0,NORTH,3.0,4.0,5.0,House,9.0,0,0,0,0,0,0,1,0,0,1,0,11
"Rudreshwor, Kathmandu",33500000.0,1711.25,12.5,NORTH-WEST,2.5,5.0,4.0,Bungalow,10.0,0,1,0,0,1,1,1,0,0,0,1,7
"Tikathali, Lalitpur",21500000.0,787.175,13.0,EAST,2.5,9.0,3.0,House,7.0,0,1,0,0,1,1,0,0,0,0,0,4
"Dhapasi, Kathmandu",39000000.0,2395.75,12.0,EAST,2.5,7.0,4.0,House,7.0,0,1,0,1,1,1,0,0,0,0,0,6
"Imadol, Lalitpur",27500000.0,1026.75,20.0,WEST,3.5,5.0,3.0,House,10.0,0,1,0,0,1,1,0,0,0,0,0,4
"Mandikhatar, Kathmandu",29500000.0,1060.9750000000001,13.0,NORTH,3.0,6.0,5.0,House,13.0,0,1,0,0,1,1,0,0,0,0,0,4
"Chandragiri, Kathmandu",16000000.0,1369.0,10.0,SOUTH-EAST,2.0,2.0,2.0,House,10.0,0,1,0,0,1,1,0,0,0,0,0,4
Other,72500000.0,3422.5,13.0,NORTH-EAST,2.5,6.0,3.0,House,10.0,0,1,0,0,1,1,0,0,0,0,0,4
"Sundarbasti, Kathmandu",38500000.0,1540.125,13.0,NORTH,3.5,6.0,5.0,House,7.0,0,1,0,0,1,1,0,0,0,0,0,4
"Golfutar, Kathmandu",29500000.0,1369.0,16.0,SOUTH,2.5,4.0,3.0,House,14.0,0,1,0,0,1,1,0,0,0,0,0,4
"Dhapasi, Kathmandu",25000000.0,1369.0,15.0,EAST,2.5,6.0,6.0,House,9.0,0,1,0,1,1,1,0,0,0,0,0,5
"Imadol, Lalitpur",26000000.0,1026.75,13.0,EAST,2.5,3.0,3.0,House,7.0,0,1,0,0,1,1,0,0,0,0,0,4
"Imadol, Lalitpur",32500000.0,1129.425,23.0,WEST,2.5,6.0,4.0,House,9.0,0,1,0,0,1,1,0,0,0,0,0,4
"Imadol, Lalitpur",22500000.0,1197.875,12.0,EAST,2.5,5.0,3.0,House,14.0,0,1,0,0,1,1,0,0,0,0,0,4
"Imadol, Lalitpur",40000000.0,1437.45,13.0,SOUTH,2.5,6.0,3.0,House,14.0,0,1,0,0,1,1,0,0,0,0,0,4
"Imadol, Lalitpur",31500000.0,1060.9750000000001,13.0,WEST,2.5,4.0,4.0,House,14.0,0,1,0,0,1,1,0,0,0,0,0,4
"Imadol, Lalitpur",33000000.0,1095.2,13.0,WEST,2.5,5.0,4.0,House,7.0,0,1,0,0,1,1,0,0,0,0,0,4
"Tikathali, Lalitpur",27000000.0,1403.225,13.0,NORTH-WEST,2.5,7.0,4.0,House,7.0,0,1,0,0,1,1,0,0,0,0,0,4
"Setipakha, Lalitpur",22500000.0,787.175,13.0,EAST,2.5,4.0,4.0,House,11.0,0,1,0,0,1,1,0,0,0,0,0,4
"Ochu Height, Lalitpur",33000000.0,1129.425,16.0,SOUTH,2.5,6.0,4.0,House,4.0,0,1,0,0,1,1,0,0,0,0,0,4
Other,36000000.0,1026.75,20.0,EAST,2.5,6.0,5.0,House,25.0,0,1,0,0,1,1,0,0,0,0,0,4
"Ochu Height, Lalitpur",37500000.0,1369.0,16.0,WEST,2.5,6.0,5.0,House,11.0,0,1,0,0,0,0,1,0,0,0,0,5
"Nakkhu, Lalitpur",39900000.0,1711.25,13.0,EAST,2.0,4.0,4.0,House,14.0,0,1,0,1,1,1,0,0,0,0,0,5
Other,17000000.0,1369.0,10.0,EAST,2.5,7.0,3.0,House,14.0,0,1,0,0,1,1,0,0,0,0,0,5
"Ochu Height, Lalitpur",24500000.0,1095.2,13.0,SOUTH,2.5,5.0,4.0,House,4.0,0,1,0,0,1,0,1,0,0,0,0,5
"Imadol, Lalitpur",35000000.0,1369.0,13.0,WEST,2.5,5.0,5.0,House,4.0,0,1,0,0,1,0,0,0,0,0,0,4
"Pasikot, Kathmandu",32000000.0,1026.75,20.0,NORTH-WEST,2.5,4.0,4.0,Villa,7.0,0,1,0,1,1,1,0,0,0,0,0,5
Other,30000000.0,102.675,20.0,SOUTH,5.0,,4.0,House,10.0,0,1,0,0,1,1,0,0,0,0,0,5
"Sitapaila, Kathmandu",38000000.0,2053.5,13.0,EAST,2.5,6.0,6.0,House,7.0,0,0,0,1,1,1,0,0,0,0,1,6
"Budhanilkantha, Kathmandu",28000000.0,1026.75,13.0,WEST,2.5,6.0,3.0,House,9.0,0,1,0,0,1,1,0,0,0,0,0,4
"Pepsicola, Kathmandu",75000000.0,4449.25,13.0,NORTH,2.5,5.0,5.0,House,10.0,0,1,0,0,1,1,0,0,0,0,0,4
Other,31000000.0,1129.425,10.0,NORTH,2.5,4.0,3.0,House,7.0,0,1,0,0,1,1,0,0,0,0,0,4
"Sitapaila, Kathmandu",38000000.0,1745.475,13.0,EAST,2.5,4.0,4.0,House,7.0,0,1,0,0,1,1,1,0,0,0,0,6
"Pepsicola, Kathmandu",32500000.0,1369.0,20.0,EAST,2.5,4.0,4.0,House,11.0,0,1,0,0,1,1,0,0,0,0,0,5
Other,29000000.0,1095.2,13.0,NORTH,2.5,6.0,3.0,House,11.0,0,1,0,0,1,1,0,0,0,0,0,4
"Pasikot, Kathmandu",28000000.0,1026.75,20.0,SOUTH-EAST,3.5,6.0,8.0,House,13.0,0,1,0,0,1,1,0,0,0,0,0,4
Other,66000000.0,1540.125,16.0,NORTH-EAST,4.5,3.0,6.0,House,19.0,0,1,0,0,1,1,0,0,0,0,0,5
Other,21900000.0,1026.75,11.0,EAST,3.5,7.0,4.0,House,23.0,0,1,0,0,1,1,1,0,0,0,0,6
"Nakhipot, Lalitpur",28000000.0,1095.2,13.0,SOUTH,2.5,5.0,3.0,House,13.0,0,1,0,0,1,1,0,0,0,0,0,4
Other,17500000.0,1129.425,10.0,SOUTH-EAST,2.5,3.0,3.0,House,24.0,0,1,0,0,1,1,1,0,0,0,0,7
"Nakhipot, Lalitpur",27000000.0,1197.875,20.0,SOUTH-WEST,2.5,5.0,4.0,House,23.0,0,1,0,0,1,1,1,0,0,0,0,7
"Hattiban, Lalitpur",25500000.0,1095.2,13.0,SOUTH,2.5,6.0,5.0,House,13.0,0,1,0,0,1,1,0,0,0,0,0,4
Other,36500000.0,1369.0,13.0,EAST,2.5,5.0,3.0,House,8.0,0,1,0,0,1,1,0,0,0,0,0,4
"Mandikhatar, Kathmandu",29500000.0,1060.9750000000001,13.0,WEST,2.5,6.0,5.0,House,25.0,0,1,0,0,1,1,0,0,0,0,0,4
Other,45000000.0,1026.75,16.0,EAST,4.0,6.0,4.0,House,23.0,0,1,0,0,1,1,0,0,0,0,0,4
Other,46000000.0,1197.875,27.0,NORTH-EAST,3.5,5.0,6.0,House,9.0,0,1,0,0,1,1,0,0,0,0,0,4
"Bhangal, Kathmandu",17800000.0,1060.9750000000001,9.0,NORTH,1.5,3.0,2.0,House,9.0,0,1,0,0,1,1,0,0,0,0,0,4
"Hattigaunda, Kathmandu",34500000.0,1711.25,13.0,NORTH,3.0,7.0,4.0,House,9.0,0,1,0,0,1,1,0,0,0,0,0,4
"Imadol, Lalitpur",35000000.0,1369.0,13.0,WEST,2.5,4.0,4.0,House,7.0,0,1,0,0,1,1,1,0,0,0,0,7
"Kapan, Kathmandu",18800000.0,752.95,12.0,EAST,2.5,4.0,3.0,House,7.0,0,1,0,0,1,1,0,0,0,0,0,4
"Imadol, Lalitpur",27000000.0,1026.75,10.0,EAST,2.5,5.0,4.0,House,23.0,0,1,0,0,1,1,1,0,0,0,0,6
Other,15000000.0,1026.75,13.0,WEST,1.5,3.0,2.0,House,29.0,0,1,0,0,1,1,0,0,0,0,0,4
Other,25500000.0,1026.75,10.0,WEST,2.5,8.0,3.0,House,18.0,0,1,0,0,1,1,0,0,0,0,0,4
"Tikathali, Lalitpur",25000000.0,1060.9750000000001,13.0,NORTH,2.5,6.0,3.0,House,27.0,0,1,0,0,1,1,0,0,0,0,0,4
"Imadol, Lalitpur",37000000.0,1711.25,13.0,SOUTH-WEST,2.5,6.0,6.0,House,7.0,0,1,0,1,1,1,0,0,0,0,0,5
"Kusunti, Lalitpur",39500000.0,1779.7,13.0,EAST,2.5,4.0,4.0,House,7.0,0,1,0,0,1,1,0,0,0,0,0,4
Other,32500000.0,1369.0,10.0,UNKNOWN,3.5,10.0,4.0,House,19.0,0,1,0,0,1,1,0,0,0,0,0,4
"Imadol, Lalitpur",27500000.0,1026.75,13.0,WEST,3.0,5.0,3.0,House,8.0,0,1,0,0,1,0,1,0,0,0,0,5
"Dhapasi, Kathmandu",135000000.0,4791.5,20.0,SOUTH-EAST,3.5,5.0,6.0,Villa,16.0,0,1,0,0,1,1,0,0,0,0,0,4
"Imadol, Lalitpur",22000000.0,787.175,10.0,NORTH,3.0,4.0,3.0,House,12.0,0,1,0,0,0,0,1,1,0,0,1,7
"Dhapasi, Kathmandu",12000000.0,1026.75,20.0,WEST,2.5,4.0,4.0,House,17.0,0,0,0,0,1,1,0,0,0,0,0,3
"Sukedhara, Kathmandu",55000000.0,1779.7,13.0,SOUTH,2.5,4.0,3.0,House,8.0,0,1,0,0,1,1,0,0,0,0,0,4
"Pasikot, Kathmandu",28000000.0,1779.7,12.5,NORTH-EAST,1.0,2.0,2.0,House,7.0,0,1,0,0,1,1,0,0,0,0,0,4
"Satdobato, Lalitpur",45000000.0,2087.725,13.0,WEST,2.5,5.0,5.0,House,25.0,0,0,0,1,1,1,0,0,0,0,0,4
Other,13500000.0,1369.0,13.0,SOUTH,2.5,8.0,4.0,House,23.0,0,1,0,0,1,1,0,0,0,0,0,5
"Imadol, Lalitpur",32500000.0,1129.425,13.0,SOUTH,2.5,5.0,4.0,House,9.0,0,1,0,0,1,0,1,0,0,0,0,5
"Imadol, Lalitpur",37500000.0,1369.0,16.0,EAST,2.5,4.0,4.0,Bungalow,9.0,0,1,0,0,1,0,1,0,0,0,0,5
"Thankot, Kathmandu",14500000.0,1026.75,10.0,NORTH-EAST,1.0,2.0,4.0,House,9.0,0,1,0,0,1,1,0,0,0,0,0,4
"Kalanki, Kathmandu",26000000.0,1129.425,11.0,NORTH,3.0,5.0,6.0,House,7.0,0,1,0,0,1,1,0,0,0,0,0,4
Other,24000000.0,1369.0,14.0,EAST,2.0,4.0,2.0,House,31.0,0,1,0,0,1,0,0,0,0,0,1,5
Other,38000000.0,1369.0,10.0,EAST,2.5,3.0,3.0,House,29.0,0,1,0,0,1,1,0,0,0,0,0,5
"Kapan, Kathmandu",29500000.0,1369.0,13.0,WEST,2.4,6.0,5.0,House,9.0,0,1,0,1,1,1,0,0,0,0,0,5
"Kalanki, Kathmandu",25500000.0,1437.45,20.0,NORTH-EAST,2.0,5.0,4.0,House,18.0,0,1,0,0,1,1,0,0,0,0,0,4
"Kapan, Kathmandu",31000000.0,1369.0,12.0,NORTH,3.5,8.0,3.0,House,25.0,0,1,0,1,1,1,0,0,0,0,0,5
Other,24000000.0,1095.2,26.0,WEST,3.5,,3.0,House,9.0,0,1,0,0,1,1,0,0,0,0,0,5
"Imadol, Lalitpur",42500000.0,1369.0,20.0,SOUTH-EAST,2.5,4.0,4.0,House,7.0,0,0,0,0,0,0,1,0,0,1,1,11
Other,30000000.0,1026.75,20.0,WEST,2.5,4.0,5.0,House,9.0,0,1,0,0,1,1,0,0,0,0,0,4
"Budhanilkantha, Kathmandu",34500000.0,1369.0,13.0,SOUTH,2.5,6.0,3.0,House,7.0,0,1,0,0,1,1,0,0,0,0,0,4
Other,74000000.0,3764.75,13.0,SOUTH,3.5,8.0,4.0,House,29.0,0,1,0,0,1,1,0,0,0,0,0,4
"Sunakothi, Lalitpur",37500000.0,1095.2,20.0,SOUTH-EAST,2.5,4.0,4.0,Bungalow,13.0,0,1,0,1,1,1,1,0,0,0,0,9
"Bhaisepati, Lalitpur",85000000.0,1711.25,14.0,SOUTH,2.5,5.0,7.0,House,9.0,0,1,0,0,1,1,0,0,0,0,0,5
Other,20000000.0,1026.75,12.0,EAST,2.0,2.0,2.0,House,14.0,0,1,0,1,1,1,0,0,0,0,0,5
"Hattigaunda, Kathmandu",34500000.0,2087.725,14.0,NORTH-EAST,2.0,7.0,4.0,House,16.0,0,1,0,0,1,1,0,0,0,0,0,4
"Pasikot, Kathmandu",34000000.0,1369.0,13.0,EAST,2.5,5.0,4.0,House,6.0,0,1,0,0,1,1,0,0,0,0,0,5
Other,67500000.0,2738.0,12.0,SOUTH-EAST,2.0,9.0,6.0,House,9.0,0,1,0,0,1,1,0,0,0,0,0,4
"Budhanilkantha, Kathmandu",47000000.0,2053.5,16.0,SOUTH,2.0,6.0,3.0,House,8.0,0,1,0,0,1,1,0,0,0,0,0,4
Other,50000000.0,2053.5,10.5,UNKNOWN,3.0,,4.0,Bungalow,9.0,0,1,0,0,1,1,0,0,0,0,0,4
Other,33000000.0,1369.0,13.0,WEST,2.0,5.0,4.0,House,10.0,0,1,0,0,1,1,0,0,0,0,0,4
Other,140000000.0,5818.25,15.0,SOUTH,2.5,6.0,3.0,Bungalow,12.0,0,1,0,0,1,1,0,0,0,0,0,5
"Budhanilkantha, Kathmandu",34000000.0,1369.0,13.0,NORTH,2.5,6.0,3.0,House,6.0,0,1,0,0,1,1,0,0,0,0,0,4
Other,42000000.0,1471.675,12.0,NORTH-EAST,2.5,6.0,3.0,House,13.0,0,1,0,0,1,1,0,0,0,0,0,5
"Budhanilkantha, Kathmandu",34500000.0,1369.0,13.0,SOUTH,2.5,6.0,3.0,House,14.0,0,1,0,0,1,1,0,0,0,0,0,4
"Sunakothi, Lalitpur",37500000.0,1711.25,20.0,NORTH-EAST,2.5,3.0,4.0,House,10.0,0,0,0,0,0,0,1,0,0,1,0,11
"Bhaisepati, Lalitpur",78000000.0,2053.5,13.0,NORTH-EAST,2.5,4.0,5.0,Bungalow,16.0,0,0,0,0,0,0,1,0,0,1,0,11
"Hattigaunda, Kathmandu",77000000.0,2121.9500000000003,20.0,WEST,2.5,4.0,5.0,House,18.0,0,0,0,1,0,1,1,1,0,0,1,8
"Syuchatar, Kathmandu",38000000.0,1369.0,18.0,SOUTH-EAST,2.5,4.0,3.0,House,8.0,0,1,0,0,1,1,0,0,0,0,0,4
"Gwarko, Lalitpur",15500000.0,787.175,13.0,SOUTH,1.0,2.0,1.0,House,8.0,0,1,0,0,1,1,0,0,0,0,0,4
"Imadol, Lalitpur",23500000.0,1026.75,13.0,EAST,2.5,4.0,4.0,House,7.0,0,1,0,0,1,1,0,0,0,0,0,4
"Baluwatar, Kathmandu",35000000.0,684.5,17.0,UNKNOWN,4.0,,4.0,House,7.0,0,0,0,0,1,1,0,0,0,0,0,3
"Sitapaila, Kathmandu",62500000.0,2464.2000000000003,17.0,NORTH,2.5,4.0,5.0,Bungalow,18.0,0,1,0,0,1,1,0,0,0,0,0,5
"Thaiba, Lalitpur",18000000.0,1129.425,20.0,SOUTH,2.5,4.0,3.0,House,23.0,0,1,0,0,1,1,0,0,0,0,0,4
"Ochu Height, Lalitpur",27000000.0,1095.2,13.0,SOUTH,2.5,5.0,3.0,House,18.0,0,1,0,0,1,1,0,0,0,0,0,4
Other,41500000.0,1369.0,6.0,SOUTH,4.0,5.0,5.0,House,10.0,0,1,0,0,1,1,1,0,0,0,0,7
"Sanagaun, Lalitpur",20400000.0,1026.75,11.5,SOUTH-WEST,2.5,4.0,3.0,House,8.0,0,1,0,0,1,1,1,0,0,0,0,6
"Bhaisepati, Lalitpur",78000000.0,2053.5,13.0,WEST,2.0,4.0,5.0,House,23.0,0,1,0,0,1,1,0,0,0,0,0,4
Other,41000000.0,1437.45,20.0,SOUTH,3.5,6.0,6.0,House,13.0,0,1,0,0,1,1,0,0,0,0,0,4
"Mandikhatar, Kathmandu",40000000.0,1471.675,13.0,WEST,2.5,4.0,3.0,House,7.0,0,1,0,0,1,1,0,0,0,0,0,4
"Deuwa Chowk, Kathmandu",43500000.0,2053.5,13.0,NORTH,3.0,6.0,4.0,Bungalow,7.0,0,1,0,0,1,0,1,1,0,0,1,7
"Dhapasi, Kathmandu",58000000.0,3422.5,13.0,EAST,2.0,4.0,4.0,House,7.0,0,1,0,0,1,1,0,0,0,0,0,4
"Gothatar, Kathmandu",38000000.0,1369.0,10.0,NORTH,2.5,8.0,5.0,House,9.0,0,1,0,0,1,1,0,0,0,0,0,4
Other,30000000.0,1095.2,13.0,NORTH-WEST,3.0,12.0,5.0,House,7.0,0,1,0,0,1,1,0,0,0,0,0,4
Other,15000000.0,1026.75,17.0,SOUTH,2.5,4.0,4.0,House,13.0,0,1,0,0,1,1,0,0,0,0,0,4
Other,30000000.0,1369.0,15.0,NORTH,2.5,5.0,4.0,House,7.0,0,1,0,0,1,1,0,0,0,0,0,3
Other,35000000.0,2053.5,16.5,NORTH,2.5,7.0,4.0,House,9.0,0,1,0,1,1,0,1,0,0,0,1,8
Other,15500000.0,1197.875,10.0,NORTH,2.5,4.0,2.0,House,8.0,0,1,0,0,1,1,0,0,0,0,0,4
"Kapan, Kathmandu",29500000.0,1403.225,13.0,NORTH-EAST,2.5,6.0,5.0,House,13.0,0,1,0,0,1,1,0,0,0,0,0,4
"Budhanilkantha, Kathmandu",33500000.0,1095.2,16.0,WEST,2.5,,4.0,House,13.0,0,1,0,1,1,1,0,0,0,0,0,5
"Nakhipot, Lalitpur",50000000.0,1540.125,19.0,NORTH,3.5,5.0,6.0,House,23.0,0,1,0,0,1,1,0,0,0,0,0,4
"Khumaltar, Lalitpur",55000000.0,1711.25,13.0,SOUTH,3.0,3.0,4.0,House,14.0,0,1,0,0,1,1,0,0,0,0,0,4
"Bhangal, Kathmandu",29500000.0,1095.2,11.0,NORTH,2.5,5.0,3.0,House,13.0,0,1,0,0,1,1,0,0,0,0,0,4
Other,68000000.0,2121.9500000000003,23.0,NORTH-EAST,3.5,7.0,3.0,House,7.0,0,1,0,0,1,1,0,0,0,0,0,4
Other,23000000.0,1026.75,13.0,WEST,2.5,4.0,4.0,House,7.0,0,1,0,0,1,1,0,0,0,0,0,4
"Gwarko, Lalitpur",27000000.0,1060.9750000000001,13.0,SOUTH,2.5,4.0,3.0,House,15.0,0,1,0,0,1,1,0,0,0,0,0,4
"Imadol, Lalitpur",29000000.0,1369.0,13.0,NORTH,2.5,5.0,4.0,House,23.0,0,1,0,0,1,1,0,0,0,0,0,4
"Imadol, Lalitpur",27500000.0,1095.2,13.0,EAST,2.5,4.0,4.0,House,23.0,0,1,0,1,1,0,0,0,0,0,0,4
Other,35000000.0,1437.45,12.0,EAST,3.5,12.0,6.0,House,23.0,0,1,0,0,0,1,1,1,0,1,0,11
Other,13300000.0,1095.2,10.0,WEST,1.0,2.0,1.0,House,7.0,0,1,0,0,1,0,1,0,0,0,0,5
"Bhangal, Kathmandu",28500000.0,1095.2,9.0,EAST,2.5,4.0,3.0,House,23.0,0,1,0,0,1,1,0,0,0,0,0,4
"Dhapasi, Kathmandu",61000000.0,3422.5,13.0,EAST,2.0,4.0,3.0,House,16.0,0,1,0,0,1,1,0,0,0,0,0,4
Other,82000000.0,2053.5,10.0,SOUTH-EAST,3.0,8.0,3.0,House,7.0,0,1,0,0,1,1,0,0,0,0,0,4
"Budhanilkantha, Kathmandu",46000000.0,1813.925,27.0,NORTH-EAST,3.5,6.0,4.0,House,15.0,0,1,0,0,1,1,0,0,0,0,0,4
"Lubhu, Lalitpur",17000000.0,752.95,13.0,NORTH-EAST,2.5,5.0,2.0,House,7.0,0,1,0,0,1,1,1,0,0,0,0,6
"Golfutar, Kathmandu",80000000.0,3080.25,11.0,UNKNOWN,2.5,,4.0,House,6.0,0,1,0,0,1,1,0,0,0,0,0,4
"Budhanilkantha, Kathmandu",39000000.0,2053.5,14.5,SOUTH-WEST,3.0,6.0,6.0,House,6.0,0,1,0,0,1,1,0,0,0,0,0,4
"Jarankhu, Kathmandu",16000000.0,1095.2,10.0,SOUTH-WEST,2.5,4.0,3.0,House,14.0,0,1,0,0,1,0,0,0,0,0,0,3
Other,75000000.0,2464.2000000000003,15.0,UNKNOWN,3.0,,4.0,House,21.0,0,1,0,0,1,1,0,0,0,0,0,5
Other,35000000.0,2738.0,13.0,NORTH,2.5,5.0,4.0,House,18.0,0,1,0,0,1,1,0,0,0,0,0,4
Other,24000000.0,1026.75,20.0,SOUTH,2.5,4.0,3.0,House,15.0,0,1,0,0,1,1,1,0,0,0,0,5
"Bansbari, Kathmandu",65000000.0,2087.725,15.0,NORTH,2.5,3.0,3.0,House,7.0,0,1,0,0,1,1,1,0,0,0,0,6
"Imadol, Lalitpur",26500000.0,1060.9750000000001,20.0,SOUTH,2.5,4.0,3.0,House,7.0,0,1,0,0,1,0,1,0,0,0,0,5
Other,33000000.0,1369.0,10.0,NORTH,2.5,5.0,4.0,House,7.0,0,1,0,0,1,1,0,0,0,0,0,6
Other,41500000.0,1369.0,20.0,SOUTH,2.5,4.0,4.0,House,13.0,0,1,0,0,0,1,1,1,0,0,1,7
Other,19000000.0,1369.0,16.0,NORTH,2.5,4.0,4.0,House,9.0,0,1,0,0,1,1,1,0,0,0,0,6
"Mandikhatar, Kathmandu",65000000.0,2738.0,13.0,NORTH-EAST,2.5,5.0,5.0,Bungalow,7.0,0,1,0,0,1,1,0,0,0,0,0,5
Other,30500000.0,1369.0,13.0,WEST,2.5,5.0,4.0,House,7.0,0,1,0,0,1,1,0,0,0,0,0,5
Other,75000000.0,2087.725,15.0,SOUTH,2.5,5.0,4.0,Bungalow,6.0,0,1,0,0,1,1,1,0,0,0,0,6
Other,41900000.00000001,1711.25,20.0,NORTH,2.5,5.0,4.0,House,13.0,0,0,0,0,0,1,1,0,0,0,1,7
"Chunikhel, Kathmandu",25000000.0,1026.75,10.0,SOUTH,3.5,7.0,3.0,House,14.0,0,1,0,0,1,1,1,0,0,0,1,7
Other,51000000.0,1711.25,12.0,NORTH,2.5,4.0,4.0,House,8.0,0,1,0,0,1,1,0,0,0,0,0,5
Other,56000000.0,2053.5,11.0,EAST,2.5,5.0,4.0,House,21.0,0,1,0,0,1,1,0,0,0,0,0,5
Other,35000000.0,2121.9500000000003,8.0,WEST,2.5,4.0,2.0,House,21.0,0,1,0,1,1,1,0,0,0,0,1,7
Other,18000000.0,1369.0,13.0,NORTH-EAST,1.0,3.0,2.0,House,7.0,0,1,0,0,1,1,0,0,0,0,0,4
"Bansbari, Kathmandu",55000000.0,2121.9500000000003,13.0,SOUTH-EAST,2.5,6.0,5.0,Bungalow,13.0,0,1,0,1,1,1,0,0,0,0,0,5
Other,29000000.0,1813.925,16.5,NORTH,2.5,4.0,5.0,House,20.0,0,1,0,0,1,1,0,0,0,0,0,4
"Bhaisepati, Lalitpur",55000000.0,1437.45,10.0,SOUTH-EAST,2.5,3.0,4.0,House,21.0,0,1,0,0,1,1,0,0,0,0,0,4
Other,27500000.0,752.95,20.0,SOUTH,2.5,5.0,3.0,House,21.0,0,0,0,1,1,1,0,0,0,0,0,4
"Bafal, Kathmandu",36500000.0,1711.25,13.0,SOUTH,3.0,5.0,4.0,House,18.0,0,1,0,0,1,1,0,0,0,0,0,4
Other,61500000.0,2053.5,13.0,SOUTH,2.5,5.0,3.0,House,15.0,0,1,0,1,1,1,0,0,0,0,0,5
"Chandragiri, Kathmandu",17000000.0,1095.2,10.0,SOUTH-EAST,2.5,6.0,3.0,House,7.0,0,1,0,0,1,1,1,0,0,0,0,5
"Imadol, Lalitpur",25500000.0,1026.75,13.0,WEST,2.5,4.0,4.0,House,7.0,0,1,0,0,1,1,0,0,0,0,0,4
"Imadol, Lalitpur",32500000.0,1369.0,13.0,EAST,2.5,5.0,5.0,House,7.0,0,1,0,0,1,1,0,0,0,0,0,4
"Imadol, Lalitpur",26500000.0,1197.875,13.0,SOUTH,3.0,6.0,5.0,House,13.0,0,1,0,1,1,1,0,0,0,0,0,5
"Hattiban, Lalitpur",20500000.0,1095.2,13.0,SOUTH-EAST,2.5,5.0,4.0,House,9.0,0,1,0,1,1,1,0,0,0,0,0,5
Other,25000000.0,1437.45,12.0,SOUTH-WEST,2.5,6.0,3.0,House,7.0,0,1,0,0,1,1,0,0,0,0,0,4
Other,29000000.0,4107.0,13.0,SOUTH,2.5,14.0,6.0,House,13.0,0,1,0,1,1,1,0,0,0,0,0,5
Other,32000000.0,1711.25,8.0,NORTH,2.5,4.0,3.0,House,13.0,0,1,0,0,1,1,0,0,0,0,0,4
"Budhanilkantha, Kathmandu",51500000.0,2840.675,13.0,SOUTH-WEST,2.0,5.0,3.0,Bungalow,14.0,0,1,0,0,0,0,1,0,0,1,0,11
"Dhapasi, Kathmandu",58000000.0,3422.5,13.0,EAST,2.5,4.0,2.0,House,7.0,0,1,0,0,1,1,0,0,0,0,0,4
"Banasthali, Kathmandu",23500000.0,855.625,13.0,EAST,4.0,3.0,3.0,House,7.0,0,1,0,0,1,1,0,0,0,0,0,4
Other,45000000.0,2053.5,15.0,SOUTH,3.5,7.0,4.0,House,6.0,0,1,0,0,1,1,0,0,0,0,0,4
Other,31500000.0,1060.9750000000001,10.0,NORTH-WEST,3.5,6.0,4.0,House,8.0,0,1,0,0,1,1,0,0,0,0,0,4
Other,29500000.0,1026.75,10.0,NORTH,3.5,6.0,4.0,House,7.0,0,1,0,0,1,1,0,0,0,0,0,4
Other,49800000.00000001,1813.925,9.0,SOUTH,4.0,11.0,4.0,House,33.0,0,0,0,1,1,1,0,0,0,0,1,10
"Bafal, Kathmandu",37000000.0,1095.2,13.0,NORTH-EAST,2.5,4.0,3.0,House,6.0,0,1,0,0,1,1,0,0,0,0,0,4
"Sundarbasti, Kathmandu",27000000.0,1095.2,13.0,SOUTH,3.5,8.0,4.0,House,20.0,0,1,0,1,1,1,0,0,0,0,0,5
Other,38000000.0,1437.45,20.0,WEST,2.5,5.0,4.0,House,7.0,0,1,0,0,0,1,1,1,0,0,1,11
Other,13500000.0,752.95,10.0,EAST,1.0,2.0,1.0,House,25.0,0,1,0,0,1,1,0,0,0,0,0,4
"Sundarbasti, Kathmandu",39500000.0,1711.25,20.0,NORTH,2.5,6.0,5.0,House,21.0,0,1,0,0,1,1,0,0,0,0,1,5
Other,100000000.0,936.0,20.0,NORTH,1.0,2.0,2.0,House,18.0,0,1,0,0,1,0,1,0,0,0,0,4
"Kapan, Kathmandu",32500000.0,1813.925,13.0,SOUTH-EAST,3.0,6.0,3.0,House,20.0,0,1,0,1,1,1,1,1,0,0,0,8
"Imadol, Lalitpur",27000000.0,1095.2,20.0,WEST,2.5,5.0,4.0,House,7.0,0,1,0,0,1,1,0,0,0,0,0,4
"Imadol, Lalitpur",28500000.0,1129.425,13.0,NORTH-WEST,2.5,4.0,4.0,House,18.0,0,1,0,0,1,1,0,0,0,0,0,4
"Imadol, Lalitpur",25000000.0,1437.45,13.0,NORTH-EAST,2.5,6.0,5.0,House,33.0,0,1,0,0,1,1,0,0,0,0,1,5
Other,15000000.0,1026.75,17.0,SOUTH,2.5,4.0,3.0,House,8.0,0,1,0,0,1,1,0,0,0,0,1,5
"Imadol, Lalitpur",27500000.0,1026.75,13.0,SOUTH-EAST,3.0,5.0,3.0,House,9.0,0,1,0,0,1,0,1,0,0,0,0,7
"Bhaisepati, Lalitpur",67500000.0,1369.0,13.5,NORTH,2.5,8.0,8.0,House,7.0,0,1,0,0,1,1,0,0,0,0,1,5
"Bhangal, Kathmandu",29000000.0,1129.425,13.0,SOUTH,2.5,5.0,4.0,House,10.0,0,1,0,0,1,1,0,0,0,0,1,5
"Sundarbasti, Kathmandu",29800000.0,1369.0,20.0,EAST,2.5,5.0,3.0,House,10.0,0,1,0,0,1,1,0,0,0,0,1,5
Other,14000000.0,1403.225,10.0,NORTH-EAST,3.0,2.0,2.0,House,6.0,0,1,0,0,1,1,1,0,0,0,1,6
"Bhaisepati, Lalitpur",38000000.0,1129.425,13.5,EAST,2.5,4.0,5.0,House,13.0,0,1,0,0,1,1,0,0,0,0,1,5
"Budhanilkantha, Kathmandu",67500000.0,1369.0,11.0,WEST,2.5,8.0,8.0,Bungalow,9.0,0,1,0,0,1,1,0,0,0,0,1,5
"Budhanilkantha, Kathmandu",65000000.0,3251.375,12.5,NORTH,2.0,4.0,4.0,House,14.0,0,1,0,0,1,1,0,0,0,0,1,5
Other,18000000.0,1369.0,13.0,NORTH-EAST,1.0,3.0,2.0,House,16.0,0,1,0,0,1,1,1,1,0,0,1,10
"Imadol, Lalitpur",27500000.0,1095.2,13.0,SOUTH,2.5,4.0,4.0,House,18.0,0,1,0,0,1,1,0,0,0,0,0,4
"Imadol, Lalitpur",23500000.0,752.95,10.0,SOUTH,2.5,8.0,4.0,House,8.0,0,1,0,0,1,1,0,0,0,0,0,4
"Imadol, Lalitpur",27500000.0,1026.75,9.0,EAST,2.5,5.0,4.0,House,8.0,0,1,0,0,1,1,0,0,0,0,0,4
"Imadol, Lalitpur",26000000.0,1060.9750000000001,13.0,NORTH,2.5,5.0,4.0,House,19.0,0,1,0,0,1,1,0,0,0,0,0,4
Other,24500000.0,1026.75,10.0,NORTH-EAST,2.5,7.0,4.0,House,18.0,0,1,0,0,1,1,1,0,0,0,0,6
Other,25500000.0,1026.75,13.0,WEST,3.0,5.0,3.0,House,7.0,0,1,0,0,1,1,0,0,0,0,0,4
"Chandragiri, Kathmandu",13100000.0,1026.75,12.0,SOUTH,2.0,6.0,3.0,House,27.0,0,1,0,0,1,1,0,0,0,0,1,5
Other,33000000.0,1369.0,20.0,WEST,2.5,4.0,6.0,House,23.0,0,1,0,0,1,1,0,0,0,0,1,5
"Thaiba, Lalitpur",22000000.0,1060.9750000000001,13.0,EAST,2.5,5.0,4.0,House,23.0,0,1,0,0,1,1,0,0,0,0,1,5
"Imadol, Lalitpur",23500000.0,1060.9750000000001,13.0,NORTH,2.5,4.0,5.0,House,23.0,0,1,0,0,1,1,0,0,0,0,0,4
"Imadol, Lalitpur",21000000.0,8383.5,13.0,NORTH,2.5,4.0,4.0,House,18.0,0,1,0,0,0,1,0,0,0,0,1,4
"Imadol, Lalitpur",42500000.0,1369.0,13.0,SOUTH,2.5,6.0,4.0,House,10.0,0,0,0,0,1,1,0,0,0,0,1,4
"Chandragiri, Kathmandu",19000000.0,1026.75,10.0,WEST,2.5,5.0,3.0,House,23.0,0,1,0,0,1,1,0,0,0,0,0,4
Other,23000000.0,1129.425,10.0,WEST,2.5,5.0,5.0,House,7.0,0,1,0,0,1,1,0,0,0,0,0,4
"Budhanilkantha, Kathmandu",40000000.0,1711.25,15.0,SOUTH-EAST,2.5,6.0,6.0,House,23.0,0,1,0,0,1,1,0,0,0,0,0,4
Other,30000000.0,1026.75,13.0,WEST,2.5,4.0,3.0,House,9.0,0,1,0,0,1,1,0,0,0,0,1,5
"Bhaisepati, Lalitpur",55000000.0,1437.45,13.5,SOUTH,2.0,3.0,4.0,House,13.0,0,1,0,0,1,1,0,0,0,0,0,4
Other,62000000.0,3422.5,14.0,SOUTH-EAST,2.5,4.0,4.0,House,9.0,0,1,0,0,1,1,0,0,0,0,0,4
"Budhanilkantha, Kathmandu",40000000.0,1711.25,15.0,SOUTH-EAST,2.5,6.0,6.0,House,8.0,0,1,0,0,1,1,0,0,0,0,1,5
"Pasikot, Kathmandu",38000000.0,1745.475,14.0,SOUTH,2.5,5.0,3.0,House,7.0,0,1,0,0,1,1,0,0,0,0,1,5
"Nakhipot, Lalitpur",25500000.0,1095.2,20.0,EAST,2.5,9.0,7.0,House,13.0,0,1,0,0,1,1,0,0,0,0,0,4
"Imadol, Lalitpur",21000000.0,787.175,13.0,WEST,2.5,6.0,2.0,House,23.0,0,1,0,0,1,0,1,0,0,0,0,5
Other,76500000.0,3080.25,12.0,SOUTH,2.5,5.0,4.0,House,14.0,0,1,0,0,1,1,0,0,0,0,0,5
"Budhanilkantha, Kathmandu",25000000.0,684.5,12.0,WEST,2.5,6.0,4.0,House,7.0,0,1,0,0,1,1,0,0,0,0,0,4
Other,25000000.0,1060.9750000000001,10.0,NORTH,3.0,6.0,4.0,House,13.0,0,1,0,0,1,1,0,0,0,0,0,4
Other,25000000.0,787.175,13.0,NORTH-WEST,2.5,6.0,3.0,House,13.0,0,1,0,0,1,1,0,0,0,0,1,5
"Gongabu, Kathmandu",29000000.0,1026.75,13.0,NORTH-EAST,4.0,5.0,6.0,House,13.0,0,1,0,0,1,1,0,0,0,0,1,5
"Bhaisepati, Lalitpur",31000000.0,1129.425,15.0,SOUTH-WEST,2.5,5.0,4.0,House,7.0,0,1,0,0,1,1,0,0,0,0,1,5
"Sukedhara, Kathmandu",39800000.0,2053.5,13.5,SOUTH,2.5,4.0,4.0,House,9.0,0,1,0,0,1,1,0,0,0,0,0,4
"Budhanilkantha, Kathmandu",45000000.0,3080.25,18.0,NORTH,2.5,5.0,4.0,House,23.0,0,1,0,0,1,1,0,0,0,0,1,5
Other,110000000.0,3764.75,13.0,SOUTH,2.5,4.0,3.0,House,7.0,0,1,0,1,1,1,0,0,0,0,1,6
"Bhaisepati, Lalitpur",55000000.0,1779.7,16.0,SOUTH-EAST,2.5,5.0,4.0,House,23.0,0,0,0,0,0,0,1,0,0,1,1,11
"Bhaisepati, Lalitpur",32500000.0,1129.425,13.0,SOUTH-EAST,2.5,4.0,4.0,Bungalow,7.0,0,0,0,0,0,0,1,0,0,1,1,11
"Imadol, Lalitpur",36000000.0,2395.75,12.5,NORTH-EAST,2.5,4.0,3.0,House,7.0,0,1,0,0,1,1,0,0,0,0,1,5
Other,43000000.0,1711.25,10.0,SOUTH,3.5,17.0,10.0,House,23.0,0,0,0,0,1,1,0,0,0,0,1,4
Other,29500000.0,1711.25,13.0,UNKNOWN,2.5,4.0,3.0,House,16.0,0,1,0,0,1,1,0,0,0,0,1,5
Other,77500000.0,3080.25,20.0,SOUTH-WEST,2.5,5.0,4.0,House,16.0,0,0,0,0,0,0,0,0,0,1,1,11
"Sunakothi, Lalitpur",42500000.0,2053.5,20.0,SOUTH-EAST,2.5,3.0,3.0,House,7.0,0,0,0,0,0,0,1,0,0,1,1,11
"Bhaisepati, Lalitpur",35000000.0,1129.425,22.0,NORTH,2.5,5.0,4.0,House,21.0,0,1,0,0,1,1,0,0,0,0,1,5
Other,54000000.0,1813.925,20.0,SOUTH-EAST,2.5,7.0,4.0,House,21.0,0,1,0,0,1,1,0,0,0,0,1,5
"Budhanilkantha, Kathmandu",45000000.0,1711.25,15.0,NORTH-WEST,2.5,5.0,6.0,House,18.0,0,1,0,0,1,1,0,0,0,0,1,5
"Pasikot, Kathmandu",38000000.0,1745.475,14.0,SOUTH-WEST,2.5,5.0,3.0,Bungalow,15.0,0,0,0,1,0,0,1,0,0,1,1,11
"Bhangal, Kathmandu",29500000.0,1129.425,13.0,WEST,2.5,4.0,3.0,House,7.0,0,1,0,0,1,1,0,0,0,0,1,5
"Baluwakhani, Kathmandu",34500000.0,1369.0,13.0,EAST,2.5,6.0,5.0,House,7.0,0,1,0,0,1,1,0,0,0,0,1,5
Other,28500000.0,1060.9750000000001,13.0,NORTH,3.5,4.0,3.0,House,7.0,0,1,0,0,1,1,0,0,0,0,1,5
Other,20500000.0,1026.75,20.0,SOUTH-EAST,3.0,6.0,4.0,House,7.0,0,1,0,1,1,1,1,1,0,0,1,11
"Rudreshwor, Kathmandu",50000000.0,1745.475,13.0,SOUTH,2.5,4.0,5.0,House,6.0,0,0,0,0,1,1,0,0,0,0,1,11
"Golfutar, Kathmandu",29000000.0,1095.2,16.0,WEST,2.5,5.0,5.0,Bungalow,6.0,0,1,0,0,0,1,1,1,0,0,0,11
"Bhaisepati, Lalitpur",31000000.0,1437.45,15.0,SOUTH-WEST,2.5,4.0,5.0,House,8.0,0,1,0,0,1,1,0,0,0,0,1,5
Other,25000000.0,1403.225,12.0,WEST,2.5,6.0,5.0,House,21.0,0,1,0,0,1,1,1,1,0,0,1,8
Other,31000000.0,1197.875,14.0,SOUTH-WEST,3.5,6.0,5.0,House,15.0,0,1,0,0,1,1,0,0,0,0,1,5
"Goldhunga, Kathmandu",29500000.0,1026.75,12.0,NORTH,2.5,4.0,3.0,House,7.0,0,1,0,0,1,1,0,0,0,0,1,6
"Tikathali, Lalitpur",29500000.0,1095.2,13.0,EAST,2.0,5.0,5.0,House,7.0,0,1,0,0,1,1,0,0,0,0,1,5
Other,30000000.0,1437.45,4.0,SOUTH,1.0,2.0,2.0,House,13.0,0,1,0,1,1,1,0,0,0,0,0,5
"Bhaisepati, Lalitpur",62500000.0,1813.925,16.0,SOUTH-WEST,2.5,3.0,3.0,House,9.0,0,0,0,1,0,0,0,1,0,0,1,11
"Nakkhu, Lalitpur",39000000.0,1711.25,13.0,EAST,2.5,4.0,4.0,House,7.0,0,1,0,0,1,1,0,0,0,0,1,5
Other,100000000.0,4107.0,13.0,EAST,2.0,5.0,3.0,House,13.0,0,1,0,1,1,1,0,0,0,0,1,6
"Sitapaila, Kathmandu",31000000.0,1369.0,13.0,SOUTH-EAST,2.5,5.0,4.0,House,6.0,0,1,0,0,1,1,0,0,0,0,1,5
Other,29000000.0,1369.0,20.0,WEST,2.5,3.0,2.0,House,13.0,0,1,0,0,1,1,0,0,0,0,1,5
"Imadol, Lalitpur",26000000.0,1060.9750000000001,13.0,NORTH,2.0,4.0,5.0,House,14.0,0,1,0,0,1,1,0,0,0,0,1,5
"Bhaisepati, Lalitpur",41000000.0,1369.0,13.0,SOUTH-WEST,2.0,5.0,5.0,House,8.0,0,1,0,0,1,1,0,0,0,0,1,5
Other,44500000.0,1711.25,14.0,EAST,2.5,5.0,5.0,House,21.0,0,1,0,0,1,1,0,0,0,0,1,5
"Jyotinagar, Kathmandu",31500000.0,1197.875,13.0,SOUTH,2.5,6.0,5.0,House,21.0,0,1,0,0,1,1,0,0,0,0,1,5
"Budhanilkantha, Kathmandu",40000000.0,1471.675,13.0,WEST,2.5,5.0,4.0,House,18.0,0,1,0,0,1,1,0,0,0,0,1,5
"Chandragiri, Kathmandu",17500000.0,1026.75,9.0,WEST,2.5,6.0,4.0,House,20.0,0,0,0,0,1,1,0,0,0,0,1,4
"Bhaisepati, Lalitpur",32500000.0,1129.425,13.0,SOUTH-WEST,2.5,4.0,4.0,House,21.0,0,1,0,0,1,1,0,0,0,0,1,5
Other,26000000.0,1197.875,10.0,EAST,2.5,4.0,4.0,House,18.0,0,0,0,0,1,1,0,0,0,0,1,4
"Imadol, Lalitpur",65000000.0,4107.0,13.0,SOUTH,3.0,7.0,3.0,House,7.0,0,1,0,0,1,1,0,0,0,0,1,5
"Bhaisepati, Lalitpur",38500000.0,1437.45,13.5,SOUTH,2.0,3.0,4.0,House,7.0,0,1,0,0,1,1,0,0,0,0,1,5
"Sitapaila, Kathmandu",37500000.0,2395.75,13.0,SOUTH,2.5,4.0,3.0,House,7.0,0,1,0,0,1,1,0,0,0,0,1,5
Other,23500000.0,1711.25,11.0,SOUTH,2.0,4.0,2.0,House,13.0,0,1,0,0,1,1,0,0,0,0,1,5
"Budhanilkantha, Kathmandu",55000000.0,2566.875,19.5,SOUTH-WEST,3.5,7.0,8.0,House,9.0,0,1,0,0,1,1,0,0,0,0,1,5
"Pasikot, Kathmandu",53500000.0,2429.975,18.5,SOUTH-WEST,3.5,7.0,5.0,House,13.0,0,1,0,0,1,1,0,0,0,0,1,5
"Bhaisepati, Lalitpur",50000000.0,1369.0,13.5,WEST,2.5,5.0,6.0,Bungalow,14.0,0,0,0,0,1,1,0,0,0,0,1,4
"Kusunti, Lalitpur",115000000.0,4107.0,26.0,NORTH,2.5,4.0,4.0,House,8.0,0,1,0,1,1,1,0,0,0,0,1,6
"Bhaisepati, Lalitpur",35000000.0,1129.425,22.0,WEST,2.5,5.0,4.0,House,12.0,0,1,0,0,1,1,0,0,0,0,1,5
"Syuchatar, Kathmandu",32500000.0,1779.7,13.0,EAST,3.0,6.0,3.0,House,6.0,0,1,0,0,1,1,0,0,0,0,1,5
"Bhaisepati, Lalitpur",170000000.0,4791.5,16.5,EAST,3.5,6.0,4.0,Bungalow,7.0,0,1,0,0,1,1,0,0,0,0,1,5
Other,19500000.0,1403.225,20.0,UNKNOWN,2.5,4.0,4.0,Villa,33.0,0,1,0,0,1,1,1,0,0,0,1,9
"Sunakothi, Lalitpur",35000000.0,1403.225,20.0,EAST,2.5,5.0,4.0,Villa,34.0,0,0,0,0,1,1,1,1,0,0,1,11
"Bhaisepati, Lalitpur",41000000.0,1711.25,20.0,EAST,2.5,4.0,5.0,Villa,6.0,0,1,0,0,1,1,1,0,0,0,1,11
Other,70000000.0,2156.1749999999997,11.0,SOUTH,2.0,6.0,5.0,House,8.0,0,1,0,0,1,1,0,0,0,0,1,5
"Hattiban, Lalitpur",85000000.0,2738.0,32.0,NORTH,2.0,4.0,4.0,Villa,20.0,0,1,0,0,1,1,0,0,0,0,1,7
Other,190000000.0,3490.95,13.0,SOUTH-WEST,5.0,10.0,8.0,House,7.0,0,1,0,0,0,0,1,1,0,0,0,11
Other,22000000.0,3148.7,20.0,EAST,2.5,4.0,3.0,House,25.0,0,1,0,0,1,0,0,0,0,0,0,3
Other,102000000.0,3080.25,20.0,WEST,2.5,5.0,4.0,Bungalow,17.0,0,1,0,1,1,1,1,0,0,0,0,8
Other,95000000.0,3422.5,13.0,SOUTH,2.5,5.0,4.0,Bungalow,18.0,0,1,0,1,1,1,1,0,0,0,0,8
"Sundarbasti, Kathmandu",39000000.0,1711.25,13.0,NORTH-EAST,2.5,5.0,3.0,House,20.0,0,0,0,0,1,1,1,0,0,0,1,8
Other,27000000.0,1060.9750000000001,13.0,SOUTH-EAST,2.5,6.0,3.0,House,7.0,0,1,0,0,1,1,1,0,0,0,1,7
Other,13000000.0,1026.75,13.0,EAST,1.0,2.0,1.0,House,18.0,0,1,0,0,0,1,1,0,0,0,0,5
"Kusunti, Lalitpur",40500000.0,1882.375,13.0,NORTH-EAST,2.0,4.0,3.0,Bungalow,33.0,0,1,0,0,1,1,0,0,0,0,1,5
Other,32500000.0,752.95,26.0,EAST,4.0,6.0,4.0,House,6.0,0,0,0,0,1,1,0,0,0,0,0,3
"Pasikot, Kathmandu",33000000.0,2053.5,13.0,SOUTH-EAST,2.5,6.0,4.0,Bungalow,8.0,0,1,0,1,1,1,1,0,0,0,1,8
"Budhanilkantha, Kathmandu",62500000.0,2121.9500000000003,15.0,NORTH-EAST,2.5,6.0,6.0,Bungalow,9.0,0,1,0,0,1,1,1,0,0,0,0,6
Other,20500000.0,1026.75,10.0,WEST,2.5,4.0,3.0,House,6.0,0,1,0,0,1,1,0,0,0,0,0,4
"Bansbari, Kathmandu",50000000.0,2395.75,13.0,SOUTH,2.5,4.0,4.0,House,7.0,0,1,0,0,1,1,0,0,0,0,0,4
"Imadol, Lalitpur",23500000.0,1060.9750000000001,13.0,NORTH,2.5,3.0,4.0,Bungalow,7.0,0,1,0,0,1,1,0,0,0,0,0,4
"Satdobato, Lalitpur",70000000.0,3114.475,10.0,EAST,4.5,12.0,4.0,House,10.0,0,1,0,0,1,1,0,0,0,0,0,4
Other,29500000.0,1129.425,15.0,WEST,3.0,,4.0,House,8.0,0,1,0,0,1,1,0,0,0,0,1,5
"Budhanilkantha, Kathmandu",95000000.0,5818.25,17.0,EAST,3.5,6.0,5.0,Bungalow,10.0,0,1,0,1,1,1,0,0,0,0,1,6
Other,32500000.0,1369.0,13.0,EAST,2.5,11.0,2.0,House,11.0,0,1,0,0,1,1,0,0,0,0,1,5
Other,73500000.0,2053.5,18.0,NORTH-EAST,2.5,6.0,4.0,House,7.0,0,1,0,0,1,1,0,0,0,0,1,5
"Goldhunga, Kathmandu",32000000.0,1369.0,20.0,NORTH,2.5,4.0,4.0,House,10.0,0,1,0,1,1,1,0,0,0,0,1,6
"Budhanilkantha, Kathmandu",125000000.0,6160.5,15.0,EAST,2.5,5.0,5.0,Bungalow,10.0,0,1,0,0,1,1,0,0,0,0,1,5
"Ganesh Chowk, Kathmandu",32500000.0,1197.875,14.0,SOUTH-WEST,2.5,5.0,5.0,House,7.0,0,1,0,0,1,1,0,0,0,0,0,4
Other,130000000.0,5476.0,20.0,WEST,3.5,7.0,4.0,House,9.0,0,1,0,1,1,1,0,0,0,0,0,6
Other,25000000.0,1060.9750000000001,16.0,NORTH-EAST,2.5,4.0,3.0,House,9.0,0,1,0,0,1,1,0,0,0,0,0,4
Other,41000000.0,1779.7,13.0,SOUTH-WEST,3.0,5.0,4.0,House,19.0,0,1,0,1,1,1,1,0,0,0,0,7
"Sukedhara, Kathmandu",45000000.0,2395.75,15.0,EAST,2.5,4.0,3.0,House,8.0,0,1,0,0,1,1,0,0,0,0,0,4
"Thaiba, Lalitpur",50000000.0,1779.7,20.0,SOUTH-WEST,2.5,4.0,3.0,House,8.0,0,1,0,0,1,1,0,0,0,0,0,7
Other,95000000.0,3764.75,17.0,NORTH-WEST,2.5,6.0,4.0,Bungalow,8.0,0,1,0,0,1,1,0,0,0,0,1,6
"Dhapasi, Kathmandu",47500000.0,2087.725,15.0,SOUTH-EAST,2.5,3.0,4.0,House,8.0,0,1,0,1,1,1,0,0,0,0,0,6
Other,53500000.0,2772.225,12.0,NORTH-WEST,4.0,8.0,4.0,House,15.0,0,1,0,0,1,1,0,0,0,0,1,6
"Sukedhara, Kathmandu",39000000.0,1369.0,14.0,SOUTH,2.5,6.0,4.0,House,9.0,0,0,0,0,1,1,0,0,0,0,1,4
Other,35000000.0,1369.0,22.0,WEST,3.0,6.0,3.0,House,11.0,0,1,0,0,1,1,0,0,0,0,0,5
"Goldhunga, Kathmandu",25000000.0,1095.2,10.0,WEST,2.5,5.0,4.0,House,11.0,0,0,0,0,1,1,0,0,0,0,0,3
"Bhaisepati, Lalitpur",75000000.0,2053.5,20.0,SOUTH-EAST,2.5,6.0,4.0,House,7.0,0,0,0,0,1,1,0,0,0,0,1,4
"Baluwakhani, Kathmandu",31500000.0,1369.0,13.0,EAST,2.5,3.0,4.0,House,13.0,0,0,0,0,1,1,0,0,0,0,1,4
Other,26500000.0,1129.425,13.0,EAST,2.0,6.0,4.0,House,7.0,0,0,0,0,1,1,0,0,0,0,1,4
"Sukedhara, Kathmandu",35000000.0,1711.25,14.0,WEST,2.5,6.0,3.0,House,9.0,0,1,0,0,1,1,0,0,0,0,1,5
"Narayanthan, Kathmandu",55000000.0,3764.75,15.0,EAST,2.5,4.0,5.0,Bungalow,13.0,0,1,0,1,1,1,0,0,0,0,1,7
"Rudreshwor, Kathmandu",49000000.0,1745.475,13.0,EAST,2.5,5.0,6.0,House,11.0,0,0,0,0,1,1,0,0,0,0,1,4
"Bafal, Kathmandu",28500000.0,1369.0,13.0,WEST,2.5,7.0,4.0,House,11.0,0,0,0,0,1,1,0,0,0,0,1,4
Other,8500000.0,787.175,13.0,EAST,1.0,4.0,4.0,House,19.0,0,0,0,0,1,1,0,0,0,0,1,4
Other,21500000.0,752.95,9.0,WEST,2.5,4.0,4.0,House,7.0,0,0,0,0,1,1,0,0,0,0,1,4
Other,22000000.0,1026.75,10.0,SOUTH,2.5,4.0,4.0,House,18.0,0,1,0,0,1,1,0,0,0,0,0,5
Other,22000000.0,1026.75,26.0,NORTH,2.5,6.0,5.0,House,13.0,0,1,0,0,1,1,0,0,0,0,0,5
Other,24000000.0,1026.75,10.0,WEST,2.5,4.0,5.0,House,18.0,0,1,0,0,1,1,0,0,0,0,0,5
"Bansbari, Kathmandu",88000000.0,4107.0,15.0,EAST,2.5,6.0,3.0,Bungalow,14.0,0,1,0,1,1,1,0,0,0,0,1,9
"Hattigaunda, Kathmandu",36500000.0,2121.9500000000003,13.0,NORTH-EAST,3.0,4.0,3.0,House,13.0,0,0,0,0,1,1,0,0,0,0,1,4
"Dhapakhel, Lalitpur",27000000.0,1129.425,13.0,EAST,2.5,6.0,4.0,House,18.0,0,0,0,0,1,1,0,0,0,0,1,4
Other,33000000.0,1369.0,13.5,WEST,2.5,5.0,4.0,House,14.0,0,0,0,0,1,1,0,0,0,0,1,4
"Gwarko, Lalitpur",27000000.0,1060.9750000000001,13.0,SOUTH,3.0,5.0,4.0,House,4.0,0,1,0,0,1,1,1,1,0,0,1,10
"Bhaisepati, Lalitpur",46500000.0,1369.0,14.0,SOUTH-EAST,2.5,4.0,4.0,House,7.0,0,0,0,0,1,1,1,1,0,0,1,9
Other,20000000.0,1745.475,26.0,SOUTH,3.0,3.0,3.0,House,10.0,0,1,0,0,1,1,1,0,0,0,0,5
"Imadol, Lalitpur",36000000.0,2395.75,20.0,NORTH-EAST,2.5,5.0,2.0,Bungalow,13.0,0,1,0,1,1,1,1,0,0,0,0,8
"Sitapaila, Kathmandu",27000000.0,1369.0,10.0,NORTH,3.5,5.0,4.0,House,11.0,0,1,0,0,1,1,1,0,0,0,0,7
"Bhaisepati, Lalitpur",30000000.0,1026.75,12.0,WEST,2.0,5.0,4.0,House,11.0,0,1,0,0,1,1,0,0,0,0,0,4
"Bhaisepati, Lalitpur",51000000.0,1711.25,20.0,WEST,2.5,5.0,4.0,House,4.0,0,1,0,0,1,1,0,0,0,0,0,4
"Kapan, Kathmandu",29800000.0,1403.225,13.0,EAST,3.0,6.0,3.0,House,28.0,0,1,0,0,1,1,0,0,0,0,0,4
Other,130000000.0,444.925,12.0,SOUTH,2.5,7.0,4.0,Bungalow,11.0,0,1,0,1,1,1,0,0,0,0,1,8
"Budhanilkantha, Kathmandu",48000000.0,2840.675,15.0,EAST,2.5,5.0,3.0,House,14.0,0,1,0,0,1,1,1,0,0,0,0,6
"Bhaisepati, Lalitpur",210000000.0,6160.5,20.0,EAST,2.5,6.0,5.0,Bungalow,14.0,0,1,0,0,1,1,0,0,0,0,0,8
"Imadol, Lalitpur",23500000.0,1026.75,13.0,EAST,2.5,5.0,3.0,House,4.0,0,1,0,0,1,1,1,1,0,0,1,9
"Syuchatar, Kathmandu",25000000.0,1095.2,13.0,SOUTH,2.5,6.0,2.0,House,11.0,0,1,0,0,1,1,0,0,0,0,1,6
"Budhanilkantha, Kathmandu",115000000.0,6160.5,13.0,SOUTH-WEST,2.5,5.0,4.0,House,11.0,0,1,0,0,1,1,0,0,0,0,0,4
"Bafal, Kathmandu",28500000.0,1369.0,13.5,SOUTH,2.5,5.0,4.0,House,4.0,0,1,0,0,1,1,0,0,0,0,0,4
"Sitapaila, Kathmandu",27500000.0,1403.225,16.0,SOUTH-EAST,2.5,4.0,3.0,House,23.0,0,1,0,1,1,1,1,0,0,0,0,7
"Sitapaila, Kathmandu",29500000.0,1437.45,16.0,SOUTH,2.5,4.0,3.0,Bungalow,11.0,0,1,0,1,1,1,1,0,0,0,0,7
Other,14000000.0,510.30000000000007,20.0,SOUTH-EAST,2.0,5.0,4.0,House,7.0,0,1,0,0,1,1,1,0,0,0,0,6
Other,48000000.0,2121.9500000000003,13.0,NORTH-EAST,3.0,7.0,5.0,House,10.0,0,1,0,1,1,1,1,0,0,0,0,7
Other,32000000.0,1197.875,20.0,WEST,3.0,7.0,4.0,House,7.0,0,1,0,0,1,1,0,0,0,0,0,6
"Sitapaila, Kathmandu",31500000.0,1711.25,13.0,EAST,2.5,5.0,5.0,House,14.0,0,1,0,0,1,1,1,1,0,0,1,10
Other,15000000.0,752.95,10.0,SOUTH,1.0,3.0,1.0,House,7.0,0,1,0,0,1,1,0,0,0,0,0,4
Other,23000000.0,1095.2,10.0,SOUTH,2.5,5.0,3.0,House,22.0,0,1,0,0,1,1,1,1,0,0,0,11
Other,20000000.0,1060.9750000000001,20.0,UNKNOWN,2.0,4.0,2.0,House,14.0,0,1,0,0,1,1,1,1,0,0,1,8
Other,57500000.0,3114.475,10.0,WEST,2.5,6.0,3.0,House,12.0,0,0,0,0,0,0,1,0,0,1,1,11
"Sitapaila, Kathmandu",12000000.0,787.175,4.0,NORTH-EAST,2.5,3.0,4.0,House,4.0,0,1,0,0,1,1,0,1,0,0,0,7
Other,20000000.0,1060.9750000000001,10.0,NORTH,2.5,4.0,2.0,House,10.0,0,1,0,0,1,1,1,1,0,0,0,8
Other,30000000.0,1369.0,10.0,EAST,2.5,4.0,4.0,House,7.0,0,1,0,0,1,1,0,0,0,0,0,4
Other,30000000.0,11664.0,13.0,SOUTH,3.0,6.0,3.0,House,14.0,0,1,0,0,1,1,0,0,0,0,1,7
"Gothatar, Kathmandu",26800000.0,1095.2,10.0,SOUTH-EAST,3.5,6.0,4.0,House,13.0,0,0,0,0,0,0,0,0,0,0,0,0
"Dhapakhel, Lalitpur",30000000.0,1369.0,20.0,SOUTH-WEST,2.5,6.0,4.0,House,4.0,0,1,0,0,1,1,0,0,0,0,0,4
Other,130000000.0,36450.0,14.0,SOUTH-WEST,2.5,4.0,4.0,Bungalow,25.0,0,1,0,0,1,1,0,0,0,0,0,4
Other,95000000.0,4791.5,20.0,NORTH,3.0,9.0,10.0,House,11.0,0,1,0,1,0,0,1,1,0,0,0,11
"Sunakothi, Lalitpur",42500000.0,2053.5,15.0,EAST,2.5,3.0,3.0,House,14.0,0,1,0,0,1,1,0,0,0,0,0,4
"Budhanilkantha, Kathmandu",53500000.0,2738.0,13.0,WEST,2.5,13.0,5.0,House,4.0,0,1,0,0,1,1,0,0,0,0,0,4
"Satdobato, Lalitpur",26000000.0,1026.75,13.0,EAST,2.5,4.0,3.0,House,4.0,0,1,0,0,1,1,0,0,0,0,0,4
"Bafal, Kathmandu",24000000.0,1060.9750000000001,13.0,WEST,2.5,5.0,3.0,House,7.0,0,1,0,0,1,1,0,0,0,0,0,4
"Bhaisepati, Lalitpur",55000000.0,1711.25,16.0,SOUTH-WEST,2.5,4.0,5.0,House,7.0,0,1,0,0,1,1,0,0,0,0,0,4
"Budhanilkantha, Kathmandu",46500000.0,2395.75,15.0,WEST,2.5,9.0,6.0,House,11.0,0,1,0,0,1,1,0,0,0,0,0,4
"Budhanilkantha, Kathmandu",36000000.0,1369.0,15.0,WEST,2.5,4.0,5.0,House,11.0,0,1,0,0,1,1,0,0,0,0,0,4
Other,27500000.0,1369.0,12.0,NORTH,3.5,6.0,4.0,House,11.0,0,1,0,0,1,0,0,0,0,0,0,3
"Dhapasi, Kathmandu",42500000.0,1711.25,18.0,SOUTH,2.5,6.0,5.0,House,4.0,0,1,0,0,1,1,0,0,0,0,1,6
Other,42500000.0,1437.45,36.0,NORTH-EAST,4.0,16.0,4.0,House,23.0,0,0,0,0,1,1,0,0,0,0,0,3
Other,27000000.0,1095.2,13.0,NORTH,2.5,6.0,3.0,House,11.0,0,1,0,0,1,1,1,1,0,0,1,10
"Dhapasi, Kathmandu",28500000.0,1095.2,16.0,EAST,2.5,4.0,4.0,House,7.0,0,1,0,0,1,1,1,0,0,0,1,7
Other,29000000.0,1437.45,13.0,EAST,2.5,4.0,4.0,House,7.0,0,1,0,0,1,1,1,0,0,0,1,7
"Nakhipot, Lalitpur",32000000.0,1437.45,20.0,WEST,2.5,5.0,4.0,House,11.0,0,1,0,0,1,1,0,0,0,0,0,4
"Goldhunga, Kathmandu",30000000.0,1437.45,20.0,EAST,2.5,4.0,4.0,House,11.0,0,1,0,0,1,1,0,0,0,0,1,6
Other,77500000.0,2772.225,20.0,EAST,3.0,5.0,5.0,House,8.0,0,1,0,1,1,1,1,1,0,0,0,10
Other,14000000.0,1026.75,13.0,WEST,3.0,8.0,4.0,House,25.0,0,1,0,0,1,1,0,0,0,0,0,4
"Rudreshwor, Kathmandu",50000000.0,1745.475,16.0,EAST,3.0,4.0,5.0,House,13.0,0,1,0,0,1,1,1,0,0,0,0,7
"Imadol, Lalitpur",16500000.0,1026.75,13.0,SOUTH,1.0,2.0,1.0,House,13.0,0,1,0,0,1,1,0,0,0,0,0,6
"Nakhipot, Lalitpur",24000000.0,1026.75,13.0,SOUTH,3.0,4.0,4.0,House,25.0,0,1,0,0,1,1,0,0,0,0,0,4
Other,28000000.0,1129.425,13.0,NORTH-EAST,3.0,5.0,3.0,House,13.0,0,1,0,0,1,1,0,0,0,0,0,4
Other,92000000.0,3422.5,20.0,SOUTH-EAST,2.5,6.0,5.0,House,13.0,0,1,0,0,1,1,0,0,0,0,0,4
"Jarankhu, Kathmandu",35000000.0,1369.0,13.0,WEST,3.5,7.0,4.0,House,25.0,0,1,0,0,1,1,0,0,0,0,0,4
Other,27500000.0,1026.75,26.0,NORTH,2.5,6.0,4.0,House,5.0,0,1,0,0,1,1,0,0,0,0,0,4
Other,28500000.0,1369.0,13.0,SOUTH-EAST,3.0,8.0,6.0,Bungalow,7.0,0,1,0,1,1,1,0,0,0,0,0,5
"Hattigaunda, Kathmandu",36500000.0,2087.725,14.0,SOUTH,2.5,7.0,7.0,Bungalow,10.0,0,1,0,0,1,1,1,0,0,0,0,6
"Hattigaunda, Kathmandu",45000000.0,1711.25,15.0,NORTH-EAST,2.5,6.0,5.0,House,7.0,0,1,0,0,1,1,0,0,0,0,1,5
Other,20000000.0,2738.0,16.0,SOUTH,2.5,8.0,4.0,House,11.0,0,1,0,0,1,1,0,0,0,0,0,3
Other,72000000.0,2738.0,20.0,WEST,2.5,7.0,5.0,House,11.0,0,1,0,0,1,1,0,0,0,0,0,4
Other,30000000.0,1437.45,8.0,NORTH,2.5,4.0,3.0,House,8.0,0,1,0,0,1,1,0,0,0,0,0,5
"Mandikhatar, Kathmandu",18500000.0,924.075,13.0,SOUTH,2.5,6.0,5.0,House,15.0,0,1,0,1,1,1,0,0,0,0,0,6
"Deuwa Chowk, Kathmandu",45000000.0,1471.675,13.0,SOUTH,2.5,5.0,4.0,Bungalow,4.0,0,0,0,0,1,1,1,1,0,0,0,8
"Hattigaunda, Kathmandu",45000000.0,1711.25,13.0,NORTH,3.0,6.0,4.0,Bungalow,11.0,0,1,0,0,1,0,1,1,0,0,0,8
"Nakkhu, Lalitpur",39500000.0,1711.25,13.0,EAST,2.5,4.0,4.0,House,11.0,0,1,0,1,1,1,1,1,0,0,0,10
"Hepali Height, Kathmandu",45000000.0,1437.45,20.0,SOUTH-WEST,3.0,3.0,3.0,House,8.0,0,0,0,0,0,0,1,0,0,1,1,11
Other,12500000.0,1026.75,20.0,WEST,1.0,2.0,1.0,House,25.0,0,1,0,0,1,1,1,0,0,0,0,5
"Dhapasi, Kathmandu",41000000.0,1369.0,20.0,SOUTH-EAST,3.0,5.0,4.0,Bungalow,15.0,0,0,0,0,1,1,1,1,0,0,0,7
"Bhaisepati, Lalitpur",38000000.0,1129.425,13.0,EAST,3.0,4.0,4.0,House,13.0,0,0,0,0,1,1,1,1,0,0,0,7
"Dhapasi, Kathmandu",37500000.0,1369.0,13.0,EAST,3.0,6.0,4.0,Bungalow,25.0,0,0,0,0,1,1,1,1,0,0,1,8
"Hattigaunda, Kathmandu",65000000.0,2121.9500000000003,14.0,EAST,2.5,6.0,7.0,Bungalow,8.0,0,1,0,1,1,1,1,1,0,0,0,10
"Hattiban, Lalitpur",90000000.0,2738.0,20.0,SOUTH,2.0,4.0,5.0,Bungalow,13.0,0,1,0,0,1,1,0,0,0,0,0,4
Other,24900000.000000004,787.175,20.0,NORTH,2.5,3.0,3.0,House,13.0,0,1,0,0,1,1,0,0,0,0,0,5
"Bhaisepati, Lalitpur",45000000.0,1711.25,16.0,SOUTH,2.0,4.0,4.0,House,7.0,0,1,0,0,1,1,0,0,0,0,0,4
Other,14000000.0,1095.2,14.0,WEST,2.0,3.0,2.0,House,11.0,0,1,0,0,1,1,0,0,0,0,0,4
"Rudreshwor, Kathmandu",59500000.0,2053.5,13.0,SOUTH,3.0,5.0,5.0,House,7.0,0,0,0,0,0,0,1,0,0,1,1,11
"Jarankhu, Kathmandu",35000000.0,1369.0,13.0,NORTH,3.5,8.0,4.0,House,10.0,0,1,0,0,1,1,0,0,0,0,0,5
Other,30000000.0,1471.675,12.0,WEST,2.5,5.0,4.0,House,7.0,0,1,0,1,1,1,1,0,0,0,1,8
"Budhanilkantha, Kathmandu",50000000.0,1745.475,15.0,EAST,2.5,4.0,5.0,House,11.0,0,1,0,0,1,1,0,0,0,0,0,4
"Ganesh Chowk, Kathmandu",45000000.0,1779.7,13.0,SOUTH-WEST,2.5,5.0,4.0,House,11.0,0,0,0,0,1,1,1,1,0,0,1,10
Other,82000000.0,3422.5,23.0,SOUTH,2.5,6.0,4.0,House,15.0,0,1,0,1,1,1,0,0,0,0,0,5
Other,25000000.0,444.925,30.0,EAST,2.5,4.0,4.0,House,18.0,0,0,0,0,1,1,0,0,0,0,0,3
"Budhanilkantha, Kathmandu",29800000.0,1403.225,13.0,SOUTH,2.5,5.0,4.0,House,7.0,0,1,0,0,1,1,0,0,0,0,0,4
Other,15000000.0,400.95,14.0,EAST,2.5,4.0,4.0,House,7.0,0,1,0,0,1,1,0,0,0,0,0,5
Other,19000000.0,1026.75,13.0,UNKNOWN,1.5,8.0,4.0,House,4.0,0,1,0,0,1,1,0,0,0,0,1,5
"Bansbari, Kathmandu",96000000.0,5476.0,15.0,SOUTH-EAST,2.5,7.0,6.0,House,7.0,0,1,0,1,1,1,0,0,0,0,0,5
"Dhapasi, Kathmandu",23000000.0,1369.0,13.0,NORTH-EAST,2.5,4.0,3.0,Bungalow,11.0,0,1,0,0,1,1,0,0,0,0,0,3
Other,12500000.0,1369.0,20.0,NORTH,1.0,2.0,2.0,House,11.0,0,1,0,0,1,1,1,0,0,0,0,5
Other,55000000.0,2053.5,16.0,EAST,3.5,7.0,4.0,House,7.0,0,1,0,0,1,1,0,0,0,0,0,5
"Dhapasi, Kathmandu",125000000.0,1026.75,18.0,SOUTH-EAST,2.0,5.0,5.0,Bungalow,10.0,0,1,0,1,1,1,0,0,0,0,0,7
"Ganesh Chowk, Kathmandu",67500000.0,2087.725,12.0,NORTH-EAST,2.5,6.0,5.0,Bungalow,7.0,0,1,0,0,1,1,1,1,0,0,1,9
"Bhaisepati, Lalitpur",150000000.0,2738.0,13.5,SOUTH,2.0,5.0,6.0,Bungalow,11.0,0,1,0,0,1,1,0,0,0,0,0,4
"Kapan, Kathmandu",36000000.0,1711.25,13.0,NORTH,3.5,6.0,5.0,House,11.0,0,1,0,0,1,1,0,0,0,0,0,4
Other,35000000.0,1026.75,20.0,EAST,2.5,6.0,6.0,House,11.0,0,1,0,0,1,1,1,0,0,0,0,6
"Narayanthan, Kathmandu",42500000.0,1129.425,16.0,SOUTH,2.5,5.0,5.0,House,20.0,0,1,0,0,1,1,1,1,0,0,1,10
"Nakkhu, Lalitpur",53000000.0,1779.7,13.0,SOUTH-WEST,2.5,4.0,4.0,House,13.0,0,1,0,1,0,1,1,1,0,0,1,11
"Bhaisepati, Lalitpur",40000000.0,1711.25,20.0,WEST,2.5,5.0,4.0,House,8.0,0,1,0,0,1,1,0,0,0,0,0,6
"Bhaisepati, Lalitpur",150000000.0,2806.45,13.0,SOUTH,2.5,6.0,7.0,Bungalow,10.0,0,1,0,1,1,0,1,0,0,0,0,11
"Hattigaunda, Kathmandu",36500000.0,2121.9500000000003,15.0,EAST,2.5,5.0,5.0,House,20.0,0,1,0,0,0,1,0,0,0,0,1,4
"Bhaisepati, Lalitpur",39900000.0,1711.25,15.0,EAST,2.5,4.0,4.0,House,18.0,0,1,0,0,1,1,0,0,0,0,0,4
"Sundarbasti, Kathmandu",38500000.0,1437.45,20.0,SOUTH-EAST,2.5,6.0,5.0,House,8.0,0,1,0,0,0,1,0,0,0,0,0,3
"Sundarbasti, Kathmandu",38500000.0,1711.25,13.0,NORTH-EAST,2.5,6.0,5.0,Bungalow,9.0,0,1,0,0,1,1,0,0,0,0,0,4
"Sitapaila, Kathmandu",67400000.0,3490.95,20.0,NORTH-WEST,2.0,4.0,3.0,House,8.0,0,1,0,1,1,1,0,0,0,0,1,7
"Budhanilkantha, Kathmandu",110000000.0,5133.75,15.0,NORTH-EAST,2.5,5.0,6.0,House,8.0,0,1,0,1,1,1,0,0,0,0,0,5
"Gothatar, Kathmandu",14000000.0,1095.2,20.0,EAST,1.0,2.0,1.0,House,11.0,0,0,0,0,1,1,0,0,0,0,0,3
"Gongabu, Kathmandu",31500000.0,1369.0,13.0,SOUTH,2.5,11.0,5.0,House,10.0,0,1,0,0,1,1,0,0,0,0,0,3
"Bhaisepati, Lalitpur",47500000.0,1437.45,13.0,SOUTH-EAST,2.5,5.0,4.0,Bungalow,10.0,0,1,0,0,1,1,1,0,0,0,1,8
"Thaiba, Lalitpur",37000000.0,1540.125,22.0,NORTH,2.5,6.0,4.0,Bungalow,12.0,0,1,0,1,1,1,0,0,0,0,0,6
"Jarankhu, Kathmandu",25000000.0,1369.0,12.0,SOUTH-EAST,2.5,5.0,3.0,House,10.0,0,1,0,0,1,1,0,0,0,0,0,5
"Dhapakhel, Lalitpur",18500000.0,1437.45,26.0,WEST,2.5,4.0,3.0,Bungalow,13.0,0,1,0,0,1,1,0,0,0,0,0,5
Other,21000000.0,1129.425,10.0,EAST,3.5,10.0,3.0,House,9.0,0,1,0,0,1,1,0,0,0,0,1,6
"Khumaltar, Lalitpur",35000000.0,2053.5,22.0,NORTH-EAST,2.5,6.0,4.0,House,8.0,0,1,0,0,1,1,0,0,0,0,0,4
"Nakhipot, Lalitpur",27500000.0,1369.0,17.0,WEST,2.5,4.0,4.0,House,10.0,0,1,0,0,1,1,1,1,0,0,0,8
Other,19000000.0,1026.75,19.0,NORTH-WEST,3.5,10.0,3.0,House,23.0,0,1,0,0,1,1,0,0,0,0,0,4
Other,19000000.0,1095.2,13.0,NORTH,2.5,5.0,4.0,House,18.0,0,1,0,0,0,1,1,0,0,0,0,5
"Deuwa Chowk, Kathmandu",52500000.0,2738.0,12.0,EAST,3.0,8.0,4.0,House,8.0,0,1,0,1,1,1,0,0,0,0,0,7
Other,19800000.0,1026.75,13.0,UNKNOWN,2.5,8.0,4.0,House,8.0,0,1,0,0,1,1,0,0,0,0,0,4
Other,45000000.0,2738.0,13.0,NORTH-EAST,2.5,5.0,4.0,Bungalow,8.0,0,1,0,0,1,1,1,1,0,0,1,11
"Imadol, Lalitpur",26500000.0,1095.2,11.0,NORTH-WEST,2.5,4.0,4.0,House,7.0,0,1,0,0,1,0,1,0,0,0,0,5
"Satdobato, Lalitpur",45000000.0,2087.725,12.0,WEST,2.5,6.0,3.0,House,7.0,0,1,0,1,1,1,0,0,0,0,0,6
Other,110000000.0,3080.25,18.0,NORTH,2.5,11.0,9.0,House,27.0,0,1,0,0,1,1,0,0,0,0,0,4
"Imadol, Lalitpur",27500000.0,1095.2,20.0,SOUTH-WEST,2.5,6.0,1.0,House,10.0,0,1,0,0,1,1,0,0,0,0,0,4
Other,45000000.0,1779.7,13.0,WEST,2.5,5.0,5.0,House,9.0,0,1,0,0,1,1,0,0,0,0,0,5
"Khumaltar, Lalitpur",42500000.0,1779.7,18.0,WEST,2.5,7.0,4.0,House,23.0,0,1,0,0,1,1,0,0,0,0,0,4
Other,62500000.0,2738.0,16.0,SOUTH-EAST,2.5,6.0,3.0,House,18.0,0,1,0,1,1,1,0,0,0,0,0,6
"Dhapakhel, Lalitpur",42000000.0,2806.45,13.0,NORTH-EAST,2.0,4.0,3.0,House,8.0,0,1,0,0,1,1,0,0,0,0,0,4
"Chunikhel, Kathmandu",15500000.0,1026.75,20.0,SOUTH,1.0,4.0,4.0,House,7.0,0,1,0,0,1,1,0,0,0,0,0,4
"Kapan, Kathmandu",33500000.0,1369.0,15.5,UNKNOWN,2.5,,4.0,House,7.0,0,1,0,0,1,1,0,0,0,0,0,4
Other,32500000.0,1129.425,16.0,WEST,3.5,5.0,3.0,House,27.0,0,1,0,0,1,1,0,0,0,0,0,4
"Dhapakhel, Lalitpur",29000000.0,1026.75,26.0,SOUTH-EAST,2.5,3.0,3.0,House,10.0,0,1,0,0,1,1,0,0,0,0,1,5
"Budhanilkantha, Kathmandu",32000000.0,1369.0,20.0,SOUTH,2.5,4.0,4.0,House,13.0,0,1,0,0,1,1,0,0,0,0,1,5
"Budhanilkantha, Kathmandu",32500000.0,1403.225,20.0,SOUTH,2.5,,4.0,House,8.0,0,1,0,0,1,1,0,0,0,0,0,4
"Sukedhara, Kathmandu",49500000.0,1369.0,12.0,WEST,2.0,,4.0,House,10.0,0,1,0,0,1,1,1,0,0,0,0,5
"Bhaisepati, Lalitpur",55000000.0,1711.25,18.0,EAST,2.5,3.0,3.0,House,23.0,0,1,0,0,1,1,1,0,0,0,0,7
"Budhanilkantha, Kathmandu",42500000.0,1711.25,18.0,NORTH,2.5,,4.0,House,18.0,0,0,0,0,1,1,1,0,0,0,0,5
"Sanepa, Lalitpur",77500000.0,3148.7,16.0,EAST,2.5,4.0,4.0,Bungalow,8.0,0,1,0,1,1,1,0,0,0,0,0,6
Other,20000000.0,1026.75,13.0,EAST,2.0,5.0,2.0,House,8.0,0,1,0,0,1,1,0,0,0,0,0,4
"Budhanilkantha, Kathmandu",48000000.0,1369.0,25.0,NORTH-EAST,2.5,6.0,5.0,House,9.0,0,1,0,0,1,1,0,0,0,0,0,3
Other,105000000.0,3422.5,20.0,EAST,1.0,,4.0,House,7.0,0,0,0,0,0,1,0,0,0,0,0,2
Other,40000000.0,1026.75,20.0,EAST,2.5,4.0,4.0,House,10.0,0,1,0,0,1,1,0,0,0,0,0,4
Other,36000000.0,1711.25,49.2126,SOUTH-EAST,2.5,6.0,3.0,House,23.0,0,1,0,0,1,1,0,0,0,0,1,5
"Bhaisepati, Lalitpur",36500000.0,1095.2,20.0,NORTH,2.5,5.0,4.0,Villa,18.0,0,1,0,1,1,1,1,1,0,0,1,11
Other,53500000.0,1779.7,21.0,EAST,2.5,5.0,5.0,Bungalow,7.0,0,1,0,0,1,1,0,0,0,0,0,5
"Budhanilkantha, Kathmandu",50000000.0,1745.475,15.0,NORTH,2.5,5.0,4.0,Bungalow,7.0,0,1,0,0,1,1,1,0,0,0,0,6
"Bhaisepati, Lalitpur",55000000.0,1711.25,20.0,SOUTH-WEST,2.5,4.0,5.0,House,7.0,0,1,0,0,1,1,0,0,0,0,0,4
"Budhanilkantha, Kathmandu",35000000.0,1095.2,20.0,EAST,2.0,6.0,6.0,House,12.0,0,1,0,0,1,1,0,0,0,0,0,4
Other,30000000.0,1369.0,,NORTH,2.5,4.0,4.0,House,10.0,0,1,0,0,1,1,0,0,0,0,0,4
"Pepsicola, Kathmandu",26000000.0,1026.75,10.0,NORTH,3.5,8.0,4.0,House,14.0,0,1,0,0,1,1,0,0,0,0,0,4
"Thankot, Kathmandu",19500000.0,1095.2,13.0,EAST,2.5,,4.0,House,10.0,0,1,0,0,1,1,1,0,0,0,0,6
Other,45000000.0,1711.25,20.0,NORTH,2.5,4.0,5.0,House,5.0,0,1,0,1,1,1,0,0,0,0,0,9
Other,105000000.0,2429.975,16.0,SOUTH,4.5,10.0,8.0,Bungalow,9.0,0,1,0,0,1,1,0,0,0,0,0,5
"Sukedhara, Kathmandu",70000000.0,2395.75,12.0,EAST,2.5,4.0,3.0,Bungalow,8.0,0,1,0,1,1,1,0,0,0,0,0,6
Other,13500000.0,787.175,13.0,WEST,3.0,6.0,5.0,House,7.0,0,0,0,0,0,1,0,0,0,0,0,2
Other,35000000.0,1026.75,13.0,NORTH,3.0,5.0,4.0,House,7.0,0,1,0,0,1,1,1,0,0,0,0,6
"Imadol, Lalitpur",20500000.0,752.95,13.0,NORTH,2.5,4.0,4.0,House,5.0,0,1,0,0,1,1,1,1,0,0,1,9
"Thankot, Kathmandu",30000000.0,1369.0,13.0,SOUTH,1.5,4.0,2.0,House,4.0,0,1,0,0,1,1,0,0,0,0,0,4
Other,22500000.0,752.95,10.0,NORTH,2.5,4.0,2.0,House,23.0,0,1,0,0,1,1,0,0,0,0,0,4
Other,24000000.0,1026.75,11.0,SOUTH,3.0,5.0,3.0,House,8.0,0,1,0,0,1,1,0,0,0,0,0,4
"Ganesh Chowk, Kathmandu",65000000.0,2053.5,15.0,UNKNOWN,2.5,,4.0,House,9.0,0,1,0,0,1,1,0,0,0,0,0,5
"Bhaisepati, Lalitpur",55000000.0,1437.45,18.0,SOUTH-EAST,2.5,3.0,4.0,House,7.0,0,1,0,0,1,1,0,0,0,0,1,5
"Chandragiri, Kathmandu",18500000.0,1095.2,10.0,UNKNOWN,2.5,8.0,4.0,House,27.0,0,1,0,0,1,1,0,0,0,0,1,5
Other,90000000.0,4141.224999999999,16.0,SOUTH,2.5,5.0,4.0,House,12.0,0,1,0,0,1,1,0,0,0,0,0,4
"Khumaltar, Lalitpur",40000000.0,1369.0,26.0,EAST,2.5,4.0,5.0,House,13.0,0,1,0,0,1,1,0,0,0,0,0,4
"Kapan, Kathmandu",16000000.0,1060.9750000000001,13.0,EAST,1.0,4.0,4.0,House,9.0,0,1,0,0,1,1,0,0,0,0,0,4
"Budhanilkantha, Kathmandu",39000000.0,1711.25,20.0,NORTH-WEST,3.0,6.0,5.0,House,23.0,0,1,0,0,1,1,0,0,0,0,0,4
"Bansbari, Kathmandu",62500000.0,3148.7,13.0,SOUTH,2.0,4.0,3.0,House,7.0,0,1,0,1,1,1,0,0,0,0,0,6
"Bansbari, Kathmandu",62500000.0,3422.5,13.0,SOUTH,2.0,3.0,3.0,House,7.0,0,1,0,1,1,1,0,0,0,0,0,5
Other,85000000.0,2395.75,15.0,EAST,3.5,6.0,7.0,House,12.0,0,1,0,0,1,1,0,0,0,0,0,5
"Kalanki, Kathmandu",32000000.0,1369.0,15.0,EAST,2.5,,4.0,House,10.0,0,1,0,0,1,1,1,0,0,0,0,6
"Budhanilkantha, Kathmandu",70000000.0,2738.0,20.0,WEST,2.5,6.0,5.0,House,13.0,0,1,0,0,1,1,0,0,0,0,0,4
"Golfutar, Kathmandu",31500000.0,1095.2,20.0,NORTH-EAST,2.5,5.0,5.0,Bungalow,9.0,0,1,0,0,1,1,1,0,0,0,0,6
"Pasikot, Kathmandu",33000000.0,1437.45,16.0,UNKNOWN,3.0,,4.0,House,10.0,0,1,0,0,1,1,0,0,0,0,0,5
"Rudreshwor, Kathmandu",57500000.0,2053.5,15.0,SOUTH,2.5,5.0,5.0,House,23.0,0,1,0,0,1,1,1,0,0,0,0,7
"Kapan, Kathmandu",29500000.0,2053.5,10.0,EAST,3.5,,4.0,House,9.0,0,1,0,1,1,1,1,1,0,0,0,9
"Sukedhara, Kathmandu",22500000.0,1369.0,13.0,UNKNOWN,2.5,,4.0,House,9.0,0,1,0,0,1,1,0,0,0,0,0,5
Other,100000000.0,2738.0,16.0,SOUTH,3.0,5.0,3.0,Bungalow,9.0,0,1,0,1,1,1,0,0,0,0,0,6
"Budhanilkantha, Kathmandu",67500000.0,2738.0,15.0,SOUTH-EAST,2.5,5.0,5.0,House,10.0,0,1,0,0,1,1,0,0,0,0,0,4
"Pasikot, Kathmandu",33500000.0,1711.25,13.0,SOUTH,2.5,5.0,4.0,House,13.0,0,1,0,1,1,1,1,0,0,0,1,9
"Budhanilkantha, Kathmandu",175000000.0,5818.25,15.0,SOUTH-EAST,2.5,5.0,5.0,Bungalow,9.0,0,1,0,1,1,1,1,0,0,0,0,8
Other,41500000.0,1369.0,17.0,NORTH,2.5,4.0,4.0,House,14.0,0,1,0,1,1,1,1,1,0,0,1,11
Other,30000000.0,1060.9750000000001,13.0,SOUTH,2.5,3.0,3.0,House,10.0,0,1,0,0,1,0,1,0,0,0,1,8
Other,21000000.0,1026.75,10.0,SOUTH,2.5,5.0,3.0,House,23.0,0,1,0,0,1,1,0,0,0,0,0,5
"Thankot, Kathmandu",26000000.0,1369.0,13.0,NORTH,3.0,6.0,5.0,House,18.0,0,1,0,0,1,1,1,0,0,0,1,7
Other,23000000.0,546.75,40.0,SOUTH-EAST,2.5,,4.0,House,8.0,0,1,0,0,1,0,1,0,0,0,0,4
"Setipakha, Lalitpur",31000000.0,1369.0,15.0,SOUTH,2.5,4.0,5.0,House,7.0,0,1,0,0,1,1,0,0,0,0,0,4
Other,16000000.0,752.95,12.0,SOUTH,2.5,4.0,5.0,House,7.0,0,1,0,0,1,1,1,0,0,0,0,6
"Budhanilkantha, Kathmandu",33500000.0,1369.0,13.0,EAST,2.5,6.0,5.0,House,7.0,0,1,0,0,1,1,0,0,0,0,0,4
"Bhaisepati, Lalitpur",14000000.0,2053.5,15.0,SOUTH,2.5,5.0,6.0,House,27.0,0,1,0,0,1,1,0,0,0,0,0,5
Other,18000000.0,3422.5,15.0,NORTH,2.5,3.0,3.0,Bungalow,12.0,0,1,0,1,1,1,0,1,0,0,0,9
"Imadol, Lalitpur",34500000.0,1369.0,13.0,EAST,1.5,5.0,4.0,House,13.0,0,1,0,0,1,1,0,0,0,0,0,4
"Imadol, Lalitpur",14500000.0,1026.75,11.0,NORTH,1.5,4.0,1.0,House,9.0,0,1,0,0,1,1,1,0,0,0,0,5
"Budhanilkantha, Kathmandu",18500000.0,1095.2,13.0,SOUTH,1.0,4.0,4.0,House,10.0,0,1,0,0,1,1,0,0,0,0,0,4
Other,77500000.0,3182.925,20.0,EAST,2.5,,4.0,House,9.0,0,1,0,1,1,1,0,0,0,0,0,5
Other,17500000.0,1095.2,13.0,EAST,2.5,,4.0,House,10.0,0,1,0,0,1,1,1,0,0,0,0,5
Other,14500000.0,2053.5,13.0,EAST,2.0,,4.0,House,12.0,0,1,0,0,0,1,0,0,0,0,0,4
"Bhaisepati, Lalitpur",44000000.0,1129.425,20.0,NORTH,2.5,4.0,4.0,House,10.0,0,1,0,0,1,1,0,0,0,0,0,4
"Imadol, Lalitpur",36000000.0,1403.225,20.0,NORTH-EAST,2.5,7.0,4.0,House,13.0,0,1,0,0,1,0,1,0,0,0,0,5
"Budhanilkantha, Kathmandu",75000000.0,2498.4249999999997,24.0,SOUTH,2.5,4.0,5.0,House,9.0,0,1,0,1,1,1,0,0,0,0,0,8
"Budhanilkantha, Kathmandu",39500000.0,1711.25,13.0,SOUTH-EAST,3.0,7.0,5.0,House,14.0,0,1,0,0,1,1,0,0,0,0,0,4
Other,20000000.0,1026.75,16.0,EAST,3.0,10.0,3.0,House,12.0,0,1,0,0,1,1,0,0,0,0,0,5
"Sitapaila, Kathmandu",30000000.0,1437.45,12.0,NORTH,2.5,6.0,3.0,House,23.0,0,1,0,0,1,1,0,0,0,0,0,4
"Kapan, Kathmandu",33800000.0,1437.45,13.0,NORTH,2.5,6.0,5.0,House,9.0,0,1,0,0,1,1,0,0,0,0,0,4
"Kapan, Kathmandu",18500000.0,1026.75,12.0,SOUTH,2.5,5.0,4.0,House,8.0,0,1,0,0,1,1,0,0,0,0,0,4
"Kapan, Kathmandu",14000000.0,1026.75,12.0,SOUTH-WEST,1.0,2.0,1.0,House,18.0,0,1,0,0,1,1,1,0,0,0,0,5
Other,12000000.0,2916.0,13.0,WEST,2.5,4.0,3.0,House,8.0,0,1,0,0,1,1,0,0,0,0,0,4
"Budhanilkantha, Kathmandu",26000000.0,1369.0,13.0,NORTH,2.5,5.0,4.0,House,7.0,0,1,0,0,1,1,0,0,0,0,0,5
Other,28500000.0,1369.0,15.0,WEST,2.5,6.0,4.0,House,7.0,0,1,0,0,1,1,0,0,0,0,0,4
Other,39000000.0,1471.675,16.0,NORTH,2.0,4.0,3.0,House,27.0,0,1,0,1,1,1,0,0,0,0,0,6
"Nakhipot, Lalitpur",29000000.0,992.525,20.0,SOUTH,2.5,4.0,4.0,House,10.0,0,1,0,0,1,0,1,0,0,0,0,5
"Lubhu, Lalitpur",17500000.0,855.625,13.0,SOUTH,2.5,4.0,4.0,House,13.0,0,1,0,0,0,0,1,0,0,1,0,6
"Budhanilkantha, Kathmandu",33500000.0,1540.125,13.0,NORTH,2.5,6.0,2.0,House,9.0,0,1,0,0,1,1,0,0,0,0,0,4
Other,26500000.0,1129.425,13.0,NORTH-EAST,2.0,4.0,4.0,House,14.0,0,1,0,0,1,1,0,0,0,0,0,4
Other,27500000.0,1369.0,12.0,NORTH,4.0,13.0,4.0,House,10.0,0,1,0,0,1,1,0,0,0,0,0,4
"Budhanilkantha, Kathmandu",60000000.0,2053.5,15.0,SOUTH-EAST,2.5,6.0,5.0,House,21.0,0,1,0,1,1,1,0,0,0,0,0,5
"Khumaltar, Lalitpur",28500000.0,1711.25,14.0,SOUTH,1.0,2.0,1.0,House,9.0,0,1,0,0,1,1,0,0,0,0,0,4
Other,13000000.0,1026.75,4.0,WEST,4.0,4.0,2.0,House,12.0,0,0,0,0,1,1,0,0,0,0,0,3
Other,25500000.0,1369.0,13.0,SOUTH,3.0,5.0,2.0,House,13.0,0,1,0,0,1,1,0,0,0,0,0,4
"Golfutar, Kathmandu",39000000.0,1779.7,13.0,SOUTH-EAST,2.5,4.0,4.0,House,14.0,0,1,0,0,1,1,0,0,0,0,0,4
"Budhanilkantha, Kathmandu",42500000.0,1711.25,15.0,NORTH,2.5,5.0,5.0,House,10.0,0,1,0,0,1,1,0,0,0,0,0,4
Other,40000000.0,1711.25,17.0,NORTH,3.0,7.0,5.0,House,13.0,0,1,0,0,1,0,1,0,0,0,0,5
"Budhanilkantha, Kathmandu",75000000.0,2395.75,14.0,SOUTH-EAST,2.5,5.0,5.0,House,15.0,0,1,0,1,1,1,0,0,0,0,0,5
"Khumaltar, Lalitpur",36500000.0,1095.2,13.0,EAST,2.5,3.0,4.0,House,23.0,0,1,0,0,1,1,1,0,0,0,1,9
Other,110000000.0,4107.0,26.0,NORTH,2.0,4.0,3.0,House,28.0,0,0,0,0,0,1,1,0,0,1,1,11
"Jyotinagar, Kathmandu",38800000.0,1026.75,15.0,NORTH,2.5,5.0,4.0,House,15.0,0,1,0,0,1,1,0,0,0,0,0,4
"Thaiba, Lalitpur",45000000.0,2053.5,20.0,SOUTH-EAST,2.5,4.0,4.0,House,22.0,0,1,0,1,1,1,0,0,0,0,0,11
Other,35000000.0,2738.0,15.0,WEST,2.5,,4.0,House,17.0,0,1,0,0,1,0,0,0,0,0,0,3
"Kalanki, Kathmandu",24000000.0,1369.0,14.0,UNKNOWN,2.5,,4.0,House,11.0,0,1,0,0,1,1,0,0,0,0,0,5
Other,8500000.0,1095.2,16.0,UNKNOWN,2.0,,4.0,House,20.0,0,0,0,0,1,1,0,0,0,0,0,3
"Bhaisepati, Lalitpur",59500000.0,2053.5,16.5,SOUTH-WEST,2.5,5.0,5.0,House,5.0,0,1,0,0,1,1,0,0,0,0,0,4
"Bhaisepati, Lalitpur",41000000.0,1129.425,20.0,NORTH,2.5,4.0,4.0,House,5.0,0,1,0,0,1,1,0,0,0,0,1,5
Other,70000000.0,3080.25,13.0,UNKNOWN,2.5,,4.0,House,8.0,0,1,0,0,1,1,0,0,0,0,0,5
"Hattigaunda, Kathmandu",59000000.0,2498.4249999999997,15.0,WEST,2.5,5.0,5.0,Bungalow,5.0,0,1,0,1,1,1,0,0,0,0,0,7
"Hepali Height, Kathmandu",45500000.0,1711.25,15.0,SOUTH,2.5,6.0,5.0,Bungalow,11.0,0,1,0,0,1,1,1,0,0,0,0,7
Other,20500000.0,1026.75,10.0,SOUTH,2.5,7.0,3.0,House,20.0,0,1,0,0,1,0,0,0,0,0,0,6
"Gongabu, Kathmandu",37500000.0,1060.9750000000001,10.0,WEST,3.5,8.0,3.0,House,11.0,0,1,0,0,1,1,0,0,0,0,0,4
"Golfutar, Kathmandu",43500000.0,1437.45,16.0,WEST,2.5,3.0,3.0,House,10.0,0,1,0,0,0,1,0,0,0,0,0,3
Other,32500000.0,1100.0,16.0,SOUTH,3.5,,4.0,House,20.0,0,1,0,0,1,0,0,0,0,0,0,4
"Dhapasi, Kathmandu",31000000.0,1129.425,13.0,SOUTH-WEST,2.5,5.0,3.0,House,8.0,0,0,0,0,1,1,0,0,0,0,1,4
"Banasthali, Kathmandu",31000000.0,1369.0,14.0,SOUTH,2.5,4.0,4.0,House,5.0,0,1,0,0,1,1,0,0,0,0,0,5
"Budhanilkantha, Kathmandu",47500000.0,1471.675,13.0,SOUTH,2.5,,4.0,Bungalow,8.0,0,1,0,0,1,1,1,0,0,0,0,6
Other,27500000.0,1369.0,13.0,SOUTH,2.0,5.0,3.0,House,8.0,0,1,0,0,1,1,0,0,0,0,0,4
"Budhanilkantha, Kathmandu",32000000.0,1026.75,15.0,NORTH-WEST,2.5,6.0,5.0,House,5.0,0,1,0,0,1,1,0,0,0,0,0,4
Other,52500000.0,2464.2000000000003,15.0,SOUTH,2.5,7.0,5.0,House,5.0,0,1,0,0,1,1,0,0,0,0,1,5
Other,60000000.0,2053.5,13.0,SOUTH,3.5,5.0,5.0,House,11.0,0,1,0,1,0,0,0,1,0,0,0,5
"Sundarbasti, Kathmandu",24500000.0,1095.2,12.0,EAST,2.5,,4.0,House,10.0,0,1,0,0,1,1,1,0,0,0,0,6
"Deuwa Chowk, Kathmandu",70000000.0,2429.975,13.0,EAST,4.0,8.0,12.0,House,20.0,0,1,0,0,1,1,1,0,0,0,1,7
Other,21500000.0,1471.675,14.0,EAST,1.0,2.0,1.0,House,11.0,0,1,0,0,1,0,1,0,0,0,0,5
"Hattigaunda, Kathmandu",57500000.0,2053.5,15.0,EAST,2.5,6.0,5.0,Bungalow,8.0,0,1,0,0,1,1,0,0,0,0,0,6
"Naxal, Kathmandu",82000000.0,3422.5,12.0,EAST,2.5,6.0,3.0,House,5.0,0,1,0,1,1,1,0,0,0,0,1,7
"Bansbari, Kathmandu",55000000.0,2121.9500000000003,13.0,NORTH,2.5,6.0,5.0,House,5.0,0,1,0,0,1,1,0,0,0,0,1,5
"Kapan, Kathmandu",19500000.0,1026.75,15.0,EAST,3.5,7.0,5.0,House,8.0,0,1,0,0,1,1,0,0,0,0,0,4
"Mandikhatar, Kathmandu",28500000.0,1060.9750000000001,13.0,EAST,2.5,4.0,3.0,House,3.0,0,1,0,0,1,1,0,0,0,0,0,4
Other,150000000.0,7289.925,14.0,SOUTH-EAST,2.5,5.0,4.0,Bungalow,5.0,0,1,0,1,1,1,0,0,0,0,0,5
Other,35000000.0,1060.9750000000001,16.5,SOUTH,4.5,4.0,2.0,House,5.0,0,1,0,0,1,0,1,0,0,0,1,6
Other,65000000.0,2087.725,16.5,SOUTH,3.5,10.0,4.0,House,9.0,0,1,0,1,1,0,1,0,0,0,1,7
Other,35000000.0,1197.875,16.5,EAST,3.0,6.0,3.0,House,8.0,0,1,0,0,1,1,0,0,0,0,0,4
"Kapan, Kathmandu",22500000.0,1026.75,15.0,NORTH,2.5,,4.0,House,5.0,0,1,0,0,1,1,0,0,0,0,0,4
"Hattigaunda, Kathmandu",67500000.0,2738.0,15.0,NORTH,2.5,3.0,3.0,Bungalow,9.0,0,1,0,0,1,1,1,0,0,0,0,7
"Bhaisepati, Lalitpur",43000000.0,1745.475,15.0,SOUTH,2.5,4.0,4.0,House,5.0,0,1,0,0,1,1,1,1,0,0,0,8
Other,30500000.0,1129.425,15.0,NORTH,3.0,5.0,4.0,House,9.0,0,1,0,0,1,1,0,0,0,0,1,4
"Budhanilkantha, Kathmandu",69000000.0,1711.25,20.0,NORTH,3.5,8.0,4.0,House,3.0,0,1,0,0,1,1,1,0,0,0,0,6
"Bhaisepati, Lalitpur",40000000.0,1369.0,13.0,SOUTH-EAST,2.5,3.0,3.0,House,5.0,0,1,0,0,1,1,1,1,0,0,0,8
"Budhanilkantha, Kathmandu",82000000.0,3422.5,17.5,NORTH,2.5,4.0,5.0,House,5.0,0,1,0,0,1,1,0,0,0,0,1,5
"Budhanilkantha, Kathmandu",47000000.0,2053.5,15.0,SOUTH,2.0,4.0,4.0,Bungalow,5.0,0,1,0,1,1,1,1,0,0,0,0,8
"Budhanilkantha, Kathmandu",19000000.0,1095.2,13.0,SOUTH-EAST,2.0,4.0,5.0,House,7.0,0,1,0,0,1,1,0,0,0,0,0,4
Other,33500000.0,1369.0,20.0,NORTH,2.5,4.0,3.0,House,7.0,0,1,0,0,1,1,0,0,0,0,0,4
Other,33000000.0,1437.45,10.0,UNKNOWN,2.5,,4.0,House,7.0,0,1,0,0,1,1,0,0,0,0,0,5
Other,30000000.0,1095.2,13.0,SOUTH,3.0,6.0,3.0,House,7.0,0,1,0,0,1,1,1,0,0,0,0,6
"Budhanilkantha, Kathmandu",46500000.0,1711.25,16.0,SOUTH,2.5,5.0,4.0,House,12.0,0,1,0,0,1,1,0,0,0,0,0,4
"Budhanilkantha, Kathmandu",60000000.0,2738.0,15.0,WEST,2.5,,4.0,House,16.0,0,1,0,0,1,1,0,0,0,0,1,5
Other,24000000.0,1026.75,11.0,SOUTH,3.0,6.0,3.0,House,16.0,0,1,0,0,1,1,0,0,0,0,0,4
Other,35000000.0,3490.95,12.0,SOUTH,3.5,,4.0,House,5.0,0,1,0,0,1,1,0,0,0,0,0,5
"Budhanilkantha, Kathmandu",32000000.0,1369.0,13.0,NORTH,2.5,6.0,4.0,House,15.0,0,1,0,0,1,1,0,0,0,0,0,4
Other,33000000.0,1095.2,20.0,NORTH,2.5,4.0,4.0,House,6.0,0,1,0,1,1,1,1,1,0,0,1,11
Other,47500000.0,1711.25,12.0,SOUTH,3.5,9.0,4.0,House,5.0,0,1,0,0,0,1,1,1,0,0,1,11
Other,28000000.0,1197.875,20.0,SOUTH,2.5,6.0,4.0,House,29.0,0,1,0,0,1,1,1,1,0,0,1,9
"Dhapasi, Kathmandu",37500000.0,2053.5,15.0,EAST,2.5,4.0,4.0,House,3.0,0,1,0,0,1,1,0,0,0,0,0,4
"Budhanilkantha, Kathmandu",29000000.0,1095.2,12.0,NORTH,2.5,6.0,5.0,House,5.0,0,1,0,0,1,1,0,0,0,0,0,4
"Gongabu, Kathmandu",37000000.0,1711.25,10.0,WEST,2.0,4.0,2.0,House,5.0,0,1,0,0,1,1,0,0,0,0,1,6
Other,38500000.0,1779.7,13.0,SOUTH,2.5,5.0,5.0,House,5.0,0,1,0,0,1,1,1,0,0,0,0,6
"Budhanilkantha, Kathmandu",47500000.0,1471.675,15.0,SOUTH,2.5,5.0,4.0,Bungalow,6.0,0,1,0,0,1,1,1,0,0,0,0,6
"Baluwatar, Kathmandu",71500000.0,2053.5,12.5,EAST,3.5,8.0,7.0,House,9.0,0,1,0,0,1,1,0,0,0,0,1,7
"Ganesh Chowk, Kathmandu",62000000.0,2087.725,15.0,SOUTH,2.5,6.0,5.0,House,8.0,0,1,0,0,1,1,0,0,0,0,1,5
"Budhanilkantha, Kathmandu",45000000.0,1711.25,13.0,WEST,2.5,6.0,5.0,Bungalow,5.0,0,0,0,0,1,1,0,0,0,0,1,4
"Budhanilkantha, Kathmandu",37500000.0,1437.45,13.0,SOUTH,2.5,5.0,5.0,House,9.0,0,1,0,0,1,1,0,0,0,0,0,4
"Nakkhu, Lalitpur",31000000.0,1437.45,16.5,NORTH,2.5,6.0,5.0,House,8.0,0,1,0,0,1,1,1,0,0,0,0,6
"Gwarko, Lalitpur",35500000.0,1437.45,14.0,SOUTH,3.5,6.0,5.0,House,9.0,0,1,0,1,1,1,1,1,0,0,1,11
"Gothatar, Kathmandu",56000000.0,2395.75,14.0,WEST,3.5,7.0,6.0,House,5.0,0,1,0,0,1,1,0,0,0,0,1,6
Other,92500000.0,3148.7,13.0,SOUTH-EAST,3.0,5.0,5.0,House,26.0,0,1,0,0,1,1,0,0,0,0,0,5
Other,11000000.0,1026.75,8.0,NORTH,2.5,3.0,3.0,House,9.0,0,1,0,0,1,1,0,0,0,0,0,4
"Ganesh Chowk, Kathmandu",70000000.0,2738.0,15.0,SOUTH,2.5,3.0,3.0,Bungalow,9.0,0,1,0,0,1,1,1,0,0,0,1,7
Other,39000000.0,1471.675,16.0,NORTH,2.5,4.0,4.0,House,5.0,0,1,0,0,1,1,0,0,0,0,0,5
Other,79500000.0,3080.25,15.5,SOUTH,3.0,5.0,5.0,Bungalow,6.0,0,1,0,1,1,1,0,1,0,0,1,7
Other,33000000.0,1369.0,13.0,NORTH,2.5,6.0,5.0,House,9.0,0,1,0,0,1,1,0,0,0,0,1,5
Other,32000000.0,1369.0,15.0,UNKNOWN,2.5,,4.0,House,5.0,0,1,0,0,1,1,0,0,0,0,0,4
Other,65000000.0,2053.5,20.0,SOUTH-EAST,2.5,5.0,4.0,Bungalow,6.0,0,1,0,0,1,1,0,0,0,0,1,7
Other,23500000.0,1026.75,13.0,EAST,3.0,6.0,4.0,House,9.0,0,1,0,0,1,1,0,0,0,0,1,5
Other,130000000.0,4449.25,30.0,NORTH-WEST,3.5,5.0,5.0,Bungalow,6.0,0,1,0,1,1,1,0,0,0,0,0,6
"Mandikhatar, Kathmandu",38800000.0,1711.25,15.0,EAST,2.5,,4.0,House,9.0,0,0,0,0,1,1,0,0,0,0,1,4
"Sukedhara, Kathmandu",28500000.0,1026.75,20.0,SOUTH,2.5,,4.0,House,15.0,0,0,0,0,1,1,0,0,0,0,1,4
"Nakkhu, Lalitpur",36000000.0,1403.225,10.0,NORTH-EAST,3.0,5.0,3.0,House,24.0,0,1,0,0,1,1,0,0,0,0,1,5
"Ochu Height, Lalitpur",22500000.0,1095.2,13.0,WEST,2.5,4.0,5.0,House,33.0,0,1,0,0,1,0,1,0,0,0,0,5
"Imadol, Lalitpur",25000000.0,1060.9750000000001,16.0,NORTH,2.0,4.0,4.0,House,4.0,0,0,0,0,1,1,0,0,0,0,0,4
"Tikathali, Lalitpur",23000000.0,1026.75,13.0,SOUTH-EAST,2.5,6.0,5.0,House,5.0,0,1,0,0,1,1,1,0,0,0,0,6
"Tikathali, Lalitpur",15000000.0,1026.75,13.0,NORTH,1.0,2.0,2.0,House,9.0,0,1,0,0,1,1,0,0,0,0,0,4
"Imadol, Lalitpur",30000000.0,1095.2,13.0,WEST,2.5,4.0,4.0,House,7.0,0,1,0,0,1,0,1,0,0,0,0,5
"Hattiban, Lalitpur",35000000.0,1095.2,22.0,NORTH,2.5,4.0,4.0,House,7.0,0,1,0,1,1,1,0,0,0,0,0,6
"Hattiban, Lalitpur",25000000.0,1095.2,13.0,SOUTH,2.5,5.0,2.0,House,6.0,0,1,0,0,1,1,1,0,0,0,0,6
"Tikathali, Lalitpur",19500000.0,752.95,13.0,SOUTH,2.5,5.0,5.0,House,13.0,0,1,0,0,1,1,1,0,0,0,0,6
"Imadol, Lalitpur",37500000.0,1369.0,13.0,SOUTH,2.5,4.0,4.0,House,4.0,0,1,0,0,1,0,0,0,0,0,0,4
"Tikathali, Lalitpur",19500000.0,752.95,13.0,SOUTH,2.5,4.0,4.0,House,8.0,0,1,0,0,1,1,0,0,0,0,0,5
"Kapan, Kathmandu",38500000.0,1745.475,13.0,SOUTH-EAST,2.5,6.0,5.0,House,15.0,0,0,0,0,1,1,0,0,0,0,1,4
Other,21500000.0,1779.7,5.0,SOUTH-EAST,2.5,5.0,2.0,House,7.0,0,1,0,0,1,1,0,0,0,0,0,4
Other,33500000.0,1403.225,15.0,SOUTH-WEST,2.5,5.0,5.0,House,7.0,0,1,0,0,1,1,0,0,0,0,1,5
"Hattigaunda, Kathmandu",37800000.0,1779.7,15.5,EAST,2.5,4.0,5.0,Bungalow,7.0,0,1,0,1,1,1,0,0,0,0,1,6
"Budhanilkantha, Kathmandu",26500000.0,1060.9750000000001,18.0,NORTH,2.5,4.0,4.0,House,7.0,0,1,0,0,1,1,0,0,0,0,1,5
"Budhanilkantha, Kathmandu",37000000.0,2053.5,13.0,NORTH,2.5,6.0,5.0,House,7.0,0,1,0,0,1,1,0,0,0,0,1,4
Other,12000000.0,1026.75,13.0,SOUTH-EAST,1.0,2.0,1.0,House,7.0,0,1,0,1,0,1,1,1,0,0,0,8
"Bafal, Kathmandu",60000000.0,2840.675,13.0,EAST,3.5,4.0,5.0,Bungalow,8.0,0,1,0,0,1,1,0,0,0,0,0,5
Other,29000000.0,1369.0,13.0,NORTH-EAST,4.5,11.0,4.0,House,15.0,0,0,0,0,1,1,0,0,0,0,0,4
"Hattigaunda, Kathmandu",47000000.0,1711.25,14.0,UNKNOWN,2.5,,4.0,Bungalow,9.0,0,1,0,0,1,1,1,0,0,0,0,7
"Budhanilkantha, Kathmandu",82000000.0,3422.5,15.0,SOUTH,2.5,4.0,5.0,Bungalow,15.0,0,1,0,1,1,1,0,0,0,0,1,8
"Hattigaunda, Kathmandu",44000000.0,1711.25,14.0,UNKNOWN,2.5,6.0,4.0,House,13.0,0,1,0,0,1,1,1,0,0,0,0,6
"Hattiban, Lalitpur",39500000.0,1403.225,13.0,NORTH-EAST,3.0,7.0,5.0,House,13.0,0,1,0,0,1,1,0,0,0,0,1,5
Other,35000000.0,1026.75,20.0,SOUTH,2.5,3.0,4.0,House,5.0,0,0,0,0,1,1,0,0,0,0,1,4
"Gwarko, Lalitpur",25000000.0,718.725,13.0,WEST,2.0,6.0,2.0,House,3.0,0,1,0,0,1,1,0,0,0,0,1,5
"Mulpani, Kathmandu",15500000.0,1369.0,12.0,WEST,2.5,6.0,4.0,House,9.0,0,1,0,0,1,0,1,0,0,0,1,6
Other,39500000.0,1437.45,20.0,EAST,2.5,4.0,4.0,House,7.0,0,1,0,1,0,1,1,0,0,0,1,11
"Bhaisepati, Lalitpur",62500000.0,2121.9500000000003,13.0,SOUTH-WEST,2.5,5.0,6.0,Bungalow,13.0,0,1,0,0,1,1,0,0,0,0,1,5
Other,52500000.0,2121.9500000000003,13.0,NORTH,4.0,36.0,17.0,House,33.0,0,0,0,0,1,1,0,0,0,0,0,4
Other,15000000.0,752.95,13.0,SOUTH,2.5,,4.0,House,4.0,0,1,0,0,1,0,1,0,0,0,0,5
"Budhanilkantha, Kathmandu",82000000.0,3422.5,15.0,SOUTH,2.5,4.0,5.0,Bungalow,33.0,0,1,0,0,1,1,0,0,0,0,0,6
"Kapan, Kathmandu",24000000.0,1060.9750000000001,13.0,NORTH,2.5,5.0,5.0,House,7.0,0,0,0,0,1,1,0,0,0,0,1,4
"Deuwa Chowk, Kathmandu",49500000.0,2738.0,13.0,EAST,2.5,8.0,5.0,House,6.0,0,1,0,1,1,1,1,0,0,0,0,8
Other,18000000.0,1026.75,13.0,EAST,2.5,5.0,4.0,House,13.0,0,1,0,0,1,1,1,0,0,0,0,6
Other,33500000.0,1403.225,15.0,SOUTH-WEST,2.5,5.0,5.0,House,4.0,0,1,0,0,1,1,0,0,0,0,1,5
"Budhanilkantha, Kathmandu",45000000.0,2806.45,12.5,SOUTH-EAST,2.5,6.0,3.0,Bungalow,8.0,0,1,0,1,1,1,0,0,0,0,1,7
"Mandikhatar, Kathmandu",87500000.0,3764.75,15.0,EAST,2.5,5.0,7.0,Bungalow,15.0,0,1,0,1,1,1,0,0,0,0,0,7
Other,41000000.0,1711.25,13.0,NORTH,2.0,,4.0,House,7.0,0,1,0,0,1,1,0,0,0,0,1,5
"Mulpani, Kathmandu",19500000.0,1026.75,11.5,SOUTH,2.5,6.0,3.0,House,5.0,0,1,0,0,1,1,1,0,0,0,1,7
"Pasikot, Kathmandu",34000000.0,1711.25,13.0,NORTH-EAST,2.5,6.0,5.0,Bungalow,9.0,0,1,0,0,1,1,0,0,0,0,0,5
Other,34000000.0,1711.25,15.0,EAST,2.5,4.0,5.0,House,16.0,0,0,0,0,1,1,0,0,0,0,1,4
"Golfutar, Kathmandu",44500000.0,1711.25,15.0,WEST,2.5,5.0,5.0,House,33.0,0,1,0,0,1,1,0,0,0,0,1,5
Other,22000000.0,1095.2,13.0,EAST,2.5,6.0,6.0,House,5.0,0,1,0,0,1,1,0,0,0,0,1,5
"Chunikhel, Kathmandu",28500000.0,1403.225,13.0,SOUTH,2.5,6.0,5.0,House,18.0,0,1,0,0,1,1,1,0,0,0,0,7
"Bhaisepati, Lalitpur",27500000.0,1369.0,13.0,SOUTH,2.5,5.0,4.0,House,15.0,0,1,0,0,1,1,0,0,0,0,1,5
"Baluwakhani, Kathmandu",17000000.0,1095.2,13.0,EAST,1.0,2.0,1.0,House,6.0,0,1,0,0,1,1,0,0,0,0,0,4
Other,48500000.0,2738.0,20.0,SOUTH-EAST,2.5,4.0,4.0,House,5.0,0,1,0,0,1,1,0,0,0,0,1,6
"Golfutar, Kathmandu",65000000.0,2087.725,14.0,WEST,2.5,5.0,4.0,Bungalow,5.0,0,0,0,1,0,0,1,1,0,1,1,11
"Bhaisepati, Lalitpur",49500000.0,1369.0,13.0,SOUTH-EAST,2.5,4.0,4.0,Bungalow,16.0,0,1,0,0,1,1,1,0,0,0,1,8
"Jyotinagar, Kathmandu",35000000.0,1711.25,18.0,EAST,2.5,5.0,4.0,House,5.0,0,1,0,0,1,1,0,0,0,0,1,5
"Baluwakhani, Kathmandu",24500000.0,1026.75,20.0,WEST,2.5,5.0,3.0,House,18.0,0,0,0,0,1,1,0,0,0,0,1,4
"Goldhunga, Kathmandu",17000000.0,1129.425,10.0,SOUTH,2.5,5.0,3.0,House,33.0,0,1,0,0,1,1,0,0,0,0,1,5
Other,18500000.0,1026.75,14.0,EAST,2.5,4.0,3.0,House,9.0,0,1,0,0,1,0,1,0,0,0,1,9
"Bhaisepati, Lalitpur",25000000.0,1026.75,16.0,SOUTH-EAST,3.5,4.0,5.0,House,13.0,0,1,0,0,1,1,1,1,0,0,1,10
"Baluwatar, Kathmandu",80000000.0,3422.5,10.0,SOUTH-EAST,2.5,,5.0,Bungalow,11.0,0,1,0,1,1,1,0,0,0,0,0,6
Other,18900000.0,1095.2,15.0,UNKNOWN,2.5,,4.0,House,14.0,0,1,0,0,1,0,1,0,0,0,0,5
Other,10000000.0,1026.75,24.0,EAST,2.5,7.0,3.0,House,4.0,0,0,0,0,1,1,0,0,0,0,1,4
"Bhangal, Kathmandu",35000000.0,2053.5,16.0,SOUTH,2.5,,4.0,Bungalow,13.0,0,1,0,1,1,1,1,0,0,0,1,9
"Sitapaila, Kathmandu",30000000.0,1369.0,12.0,SOUTH,2.5,7.0,5.0,Bungalow,11.0,0,1,0,0,1,1,1,0,0,0,1,8
Other,45000000.0,1711.25,20.0,SOUTH-EAST,3.5,7.0,7.0,House,11.0,0,1,0,0,1,1,0,0,0,0,0,5
"Budhanilkantha, Kathmandu",44800000.00000001,1711.25,13.0,NORTH-EAST,2.5,7.0,5.0,House,14.0,0,0,0,0,1,1,0,0,0,0,1,4
"Rudreshwor, Kathmandu",35000000.0,1711.25,13.0,WEST,2.5,5.0,5.0,House,14.0,0,1,0,0,1,1,1,0,0,0,0,6
"Budhanilkantha, Kathmandu",60000000.0,3114.475,13.0,SOUTH-WEST,2.5,4.0,5.0,House,4.0,0,1,0,1,1,1,1,0,0,0,1,8
"Syuchatar, Kathmandu",85000000.0,1403.225,20.0,SOUTH,3.5,7.0,4.0,House,7.0,0,1,0,0,1,1,0,0,0,0,1,5
"Sundarbasti, Kathmandu",24900000.000000004,1095.2,13.0,EAST,2.5,7.0,4.0,House,11.0,0,1,0,0,1,1,0,0,0,0,0,5
Other,27500000.0,1060.9750000000001,16.0,WEST,2.5,5.0,4.0,House,11.0,0,1,0,0,1,1,1,0,0,0,0,6
"Chunikhel, Kathmandu",31500000.0,1403.225,13.0,EAST,3.5,5.0,6.0,House,14.0,0,1,0,0,1,1,1,0,0,0,0,6
Other,19000000.0,1369.0,20.0,NORTH,2.5,7.0,5.0,House,4.0,0,0,0,0,1,1,0,0,0,0,1,4
Other,26000000.0,1026.75,14.0,SOUTH-WEST,2.5,3.0,4.0,Bungalow,13.0,0,1,0,1,1,0,1,1,0,0,1,10
"Jyotinagar, Kathmandu",22500000.0,1197.875,13.0,SOUTH,2.5,6.0,4.0,House,4.0,0,0,0,0,1,1,0,0,0,0,1,4
"Mandikhatar, Kathmandu",145000000.0,5133.75,20.0,NORTH-EAST,2.5,4.0,5.0,House,14.0,0,1,0,1,1,1,1,0,0,0,0,8
Other,25000000.0,1197.875,11.0,EAST,6.5,8.0,5.0,House,4.0,0,1,0,0,1,1,1,0,0,0,0,6
"Bafal, Kathmandu",27500000.0,1437.45,13.0,SOUTH,2.5,4.0,4.0,House,7.0,0,1,0,0,1,1,1,0,0,0,1,10
Other,32200000.000000004,1779.7,12.0,SOUTH,2.5,5.0,4.0,House,7.0,0,1,0,1,1,1,0,0,0,0,1,6
Other,35000000.0,1437.45,20.0,NORTH,3.5,5.0,6.0,House,25.0,0,0,0,0,1,1,0,0,0,0,1,4
Other,51000000.0,1471.675,20.0,WEST,2.5,4.0,3.0,House,14.0,0,1,0,0,1,1,0,0,0,0,1,5
"Bhaisepati, Lalitpur",27500000.0,1095.2,20.0,SOUTH,2.5,4.0,5.0,House,4.0,0,1,0,0,1,1,0,0,0,0,1,5
"Dhapakhel, Lalitpur",40000000.0,1369.0,27.0,SOUTH-WEST,2.5,4.0,5.0,Bungalow,4.0,0,1,0,0,1,1,0,0,0,0,1,5
"Budhanilkantha, Kathmandu",61000000.0,2053.5,15.0,NORTH-EAST,2.5,6.0,5.0,House,10.0,0,1,0,0,1,1,1,0,0,0,0,6
Other,26000000.0,1026.75,13.0,SOUTH-WEST,2.5,5.0,3.0,House,14.0,0,0,0,0,1,1,0,0,0,0,1,5
"Syuchatar, Kathmandu",39000000.0,1369.0,20.0,SOUTH,2.5,4.0,4.0,House,13.0,0,0,0,0,1,1,0,0,0,0,1,4
"Bafal, Kathmandu",28500000.0,1369.0,14.0,EAST,2.5,3.0,6.0,House,11.0,0,0,0,0,1,1,0,0,0,0,1,4
Other,19500000.0,1026.75,13.0,WEST,2.5,5.0,3.0,House,11.0,0,1,0,0,1,1,0,0,0,0,0,5
"Imadol, Lalitpur",32500000.0,1711.25,11.5,WEST,3.0,12.0,4.0,House,25.0,0,1,0,0,1,1,0,0,0,0,1,5
"Dhapakhel, Lalitpur",40000000.0,18954.0,12.0,EAST,3.5,7.0,5.0,House,11.0,0,1,0,0,1,1,0,0,0,0,1,5
"Budhanilkantha, Kathmandu",15500000.0,1060.9750000000001,14.0,SOUTH,1.0,,4.0,House,14.0,0,0,0,0,1,1,0,0,0,0,1,4
"Kapan, Kathmandu",28500000.0,1437.45,13.0,EAST,2.5,6.0,5.0,House,14.0,0,1,0,0,1,1,1,0,0,0,0,7
Other,65500000.0,2806.45,12.0,SOUTH-EAST,2.5,6.0,4.0,Bungalow,4.0,0,1,0,0,1,1,1,0,0,0,0,6
"Bhaisepati, Lalitpur",32000000.0,1129.425,16.5,NORTH-EAST,2.5,4.0,4.0,House,7.0,0,1,0,0,1,1,0,0,0,0,0,4
Other,125000000.0,2840.675,14.0,SOUTH,3.0,5.0,5.0,Bungalow,7.0,0,1,0,1,1,1,1,0,0,0,0,7
"Dhapasi, Kathmandu",36000000.0,1403.225,16.0,SOUTH-EAST,3.5,7.0,7.0,House,11.0,0,1,0,0,1,1,0,0,0,0,1,5
Other,18000000.0,376.475,5.0,EAST,4.5,7.0,4.0,House,14.0,0,0,0,0,1,1,0,0,0,0,1,4
Other,18500000.0,1060.9750000000001,10.0,WEST,4.0,7.0,5.0,House,13.0,0,0,0,0,1,1,0,0,0,0,0,4
Other,100000000.0,4791.5,13.0,SOUTH,3.5,8.0,6.0,House,25.0,0,0,0,0,1,1,0,0,0,0,1,4
"Dhapakhel, Lalitpur",27000000.0,1026.75,20.0,NORTH-EAST,2.5,5.0,4.0,House,11.0,0,1,0,0,1,1,0,0,0,0,1,6
Other,28500000.0,1471.675,13.0,SOUTH,2.0,4.0,2.0,House,14.0,0,1,0,1,1,1,0,0,0,0,1,6
"Imadol, Lalitpur",33000000.0,1369.0,13.0,SOUTH-EAST,2.5,5.0,4.0,Bungalow,4.0,0,1,0,0,1,0,0,0,0,0,0,4
"Imadol, Lalitpur",36500000.0,1129.425,20.0,WEST,3.5,6.0,4.0,House,4.0,0,1,0,0,1,0,0,0,0,0,0,4
"Imadol, Lalitpur",36500000.0,1437.45,13.0,EAST,2.5,5.0,5.0,House,7.0,0,1,0,0,1,0,1,0,0,0,0,5
Other,51000000.0,1471.675,20.0,WEST,2.5,4.0,2.0,House,10.0,0,1,0,0,1,1,0,0,0,0,1,5
Other,25000000.0,1095.2,13.0,SOUTH,2.5,4.0,5.0,Bungalow,7.0,0,1,0,0,1,0,0,0,0,0,1,5
"Tikathali, Lalitpur",22000000.0,1369.0,13.0,EAST,2.0,4.0,2.0,House,11.0,0,1,0,1,1,1,1,1,0,0,1,11
"Mandikhatar, Kathmandu",120000000.0,5476.0,16.0,SOUTH,2.5,4.0,4.0,Bungalow,11.0,0,1,0,1,1,1,0,0,0,0,0,7
"Imadol, Lalitpur",23000000.0,1026.75,12.0,EAST,2.5,4.0,2.0,House,4.0,0,1,0,0,1,0,1,0,0,0,0,5
"Sanagaun, Lalitpur",22000000.0,1060.9750000000001,16.0,SOUTH,2.5,4.0,5.0,House,13.0,0,1,0,0,1,0,1,0,0,0,0,5
"Imadol, Lalitpur",25000000.0,1129.425,13.0,SOUTH-WEST,2.5,4.0,4.0,House,11.0,0,1,0,0,1,0,1,0,0,0,0,5
"Imadol, Lalitpur",35000000.0,1369.0,13.0,NORTH,3.5,6.0,3.0,House,9.0,0,1,0,0,1,0,1,0,0,0,0,5
"Imadol, Lalitpur",35000000.0,1369.0,13.0,NORTH,3.5,7.0,4.0,House,3.0,0,1,0,0,1,0,1,0,0,0,0,5
"Imadol, Lalitpur",22000000.0,1026.75,20.0,WEST,2.5,4.0,4.0,House,5.0,0,1,0,0,1,0,1,0,0,0,0,5
"Imadol, Lalitpur",23000000.0,1060.9750000000001,10.0,SOUTH-EAST,2.5,5.0,5.0,House,5.0,0,1,0,0,1,0,1,0,0,0,0,5
"Imadol, Lalitpur",28500000.0,1129.425,13.0,EAST,2.5,4.0,2.0,House,5.0,0,1,0,0,1,0,1,0,0,0,0,5
"Imadol, Lalitpur",26000000.0,1026.75,13.0,WEST,2.5,4.0,4.0,House,5.0,0,1,0,0,1,0,1,0,0,0,0,5
Other,42500000.0,2053.5,15.0,SOUTH-WEST,3.0,8.0,3.0,House,5.0,0,1,0,0,1,1,0,0,0,0,1,6
"Khumaltar, Lalitpur",24000000.0,1745.475,12.0,EAST,2.5,5.0,5.0,House,7.0,0,0,0,1,1,0,1,0,0,0,0,6
Other,22300000.0,1026.75,16.0,NORTH,2.5,3.0,3.0,House,7.0,0,1,0,0,1,1,1,1,0,1,0,9
Other,100000000.0,2635.3250000000003,13.0,NORTH,2.5,5.0,3.0,House,7.0,0,1,0,1,1,1,0,0,0,0,1,6
"Mandikhatar, Kathmandu",27500000.0,1369.0,13.0,EAST,2.5,6.0,6.0,Bungalow,12.0,0,1,0,0,1,1,0,0,0,0,1,5
Other,28800000.0,1403.225,15.0,SOUTH,2.5,,4.0,House,9.0,0,0,0,0,1,1,0,0,0,0,1,3
Other,25500000.0,1403.225,6.5,NORTH,2.0,7.0,4.0,House,6.0,0,1,0,0,1,1,0,0,0,0,0,5
"Pasikot, Kathmandu",30000000.0,1471.675,20.0,SOUTH,2.5,5.0,4.0,House,5.0,0,1,0,0,1,1,1,0,0,0,1,7
"Goldhunga, Kathmandu",29900000.000000004,1540.125,10.0,WEST,3.5,8.0,4.0,House,9.0,0,0,0,0,1,1,0,0,0,0,1,4
Other,10000000.0,6160.5,13.0,SOUTH,2.5,5.0,7.0,House,5.0,0,1,0,0,1,1,0,0,0,0,1,5
"Goldhunga, Kathmandu",29900000.000000004,1026.75,10.0,WEST,3.5,8.0,4.0,House,5.0,0,0,0,1,0,1,1,1,0,1,0,11
Other,35000000.0,1369.0,26.0,EAST,4.5,18.0,4.0,House,5.0,0,0,0,0,1,1,0,0,0,0,1,4
Other,40000000.0,1369.0,17.0,EAST,2.5,5.0,5.0,Bungalow,7.0,0,1,0,0,1,0,1,0,0,0,0,6
"Chunikhel, Kathmandu",13300000.0,1026.75,12.0,SOUTH,1.0,2.0,1.0,House,12.0,0,1,0,0,1,0,1,0,0,0,0,4
"Imadol, Lalitpur",19000000.0,752.95,10.0,SOUTH,2.5,4.0,2.0,House,5.0,0,1,0,0,1,0,1,0,0,0,0,4
Other,40000000.0,4551.925,16.0,NORTH-EAST,3.0,6.0,4.0,House,6.0,0,0,0,1,0,0,0,1,0,1,1,11
Other,70000000.0,5133.75,36.0,SOUTH,2.5,7.0,2.0,House,5.0,0,1,0,0,1,1,0,1,0,1,1,10
"Kapan, Kathmandu",33000000.0,1129.425,22.0,SOUTH,2.5,6.0,32.0,House,8.0,0,1,0,0,1,1,0,0,0,0,0,5
"Dhapasi, Kathmandu",32500000.0,2053.5,10.0,EAST,2.5,5.0,1.0,House,5.0,0,1,0,0,1,1,0,0,0,0,1,6
"Budhanilkantha, Kathmandu",45000000.0,1779.7,15.0,EAST,2.5,6.0,5.0,House,28.0,0,1,0,0,1,1,0,0,0,0,1,5
"Baluwakhani, Kathmandu",34500000.0,1745.475,13.0,EAST,2.5,7.0,5.0,House,5.0,0,1,0,0,1,1,0,0,0,0,1,5
Other,14300000.0,752.95,12.0,SOUTH,2.5,3.0,3.0,House,21.0,0,1,0,0,1,1,0,0,0,0,0,6
Other,65000000.0,2053.5,16.0,SOUTH-WEST,5.0,9.0,9.0,House,5.0,0,1,0,0,0,1,0,1,0,0,1,5
Other,85000000.0,3080.25,13.0,EAST,3.5,6.0,5.0,House,5.0,0,1,0,0,1,1,0,0,0,0,0,5
Other,95000000.0,3422.5,13.0,EAST,3.5,7.0,4.0,House,5.0,0,1,0,1,1,1,0,0,0,0,0,6
Other,23000000.0,1060.9750000000001,13.0,EAST,2.5,4.0,4.0,House,5.0,0,1,0,0,1,1,0,0,0,0,0,5
Other,75000000.0,2840.675,13.0,SOUTH,2.5,5.0,6.0,Bungalow,5.0,0,1,0,1,1,1,0,0,0,0,1,8
"Sitapaila, Kathmandu",27500000.0,1369.0,13.0,EAST,2.5,3.0,3.0,House,9.0,0,1,0,0,1,1,0,0,0,0,0,4
"Bhaisepati, Lalitpur",50000000.0,2053.5,13.0,SOUTH,2.5,4.0,5.0,House,9.0,0,1,0,1,1,1,0,0,0,0,1,6
Other,120000000.0,4107.0,10.0,SOUTH-EAST,3.5,5.0,4.0,House,3.0,0,1,0,0,1,1,0,0,0,0,0,5
"Imadol, Lalitpur",26000000.0,1095.2,13.0,EAST,2.5,4.0,4.0,House,5.0,0,1,0,0,1,0,1,0,0,0,0,5
"Imadol, Lalitpur",17500000.0,752.95,13.0,NORTH,2.5,6.0,4.0,House,5.0,0,1,0,0,1,0,0,0,0,0,0,4
"Imadol, Lalitpur",23500000.0,1026.75,13.0,EAST,2.5,5.0,5.0,House,5.0,0,1,0,0,1,0,1,0,0,0,0,5
"Dhapasi, Kathmandu",29500000.0,1369.0,13.0,SOUTH,2.5,3.0,3.0,House,5.0,0,1,0,0,1,0,1,1,0,1,1,11
"Bhaisepati, Lalitpur",32000000.0,1129.425,16.5,NORTH-EAST,2.5,4.0,4.0,House,5.0,0,1,0,0,1,1,1,0,0,0,0,7
Other,40000000.0,1369.0,27.0,SOUTH-WEST,2.5,4.0,5.0,Bungalow,7.0,0,1,0,0,1,0,1,0,0,0,0,6
"Jyotinagar, Kathmandu",35000000.0,1369.0,14.0,SOUTH-EAST,2.5,7.0,4.0,House,8.0,0,1,0,0,1,1,1,0,0,0,0,7
"Imadol, Lalitpur",22500000.0,1060.9750000000001,13.0,NORTH,2.5,6.0,4.0,House,7.0,0,1,0,0,1,0,1,0,0,0,0,5
"Imadol, Lalitpur",21000000.0,787.175,13.0,NORTH,2.5,4.0,4.0,House,7.0,0,1,0,0,1,0,0,0,0,0,0,4
"Ochu Height, Lalitpur",22500000.0,1026.75,13.0,WEST,2.5,4.0,5.0,House,12.0,0,1,0,0,1,0,1,0,0,0,0,5
"Imadol, Lalitpur",25500000.0,1129.425,20.0,WEST,2.5,6.0,4.0,House,5.0,0,1,0,0,1,0,1,0,0,0,0,5
"Bhangal, Kathmandu",27000000.0,1369.0,18.0,SOUTH-EAST,2.5,6.0,3.0,House,9.0,0,1,0,0,1,1,0,0,0,0,1,6
"Sitapaila, Kathmandu",29500000.0,1711.25,13.0,NORTH,2.5,4.0,5.0,House,6.0,0,1,0,0,1,1,1,0,0,0,0,6
"Sitapaila, Kathmandu",37500000.0,2395.75,13.0,SOUTH,2.5,4.0,4.0,Bungalow,5.0,0,1,0,0,1,1,1,0,0,0,0,6
"Goldhunga, Kathmandu",20500000.0,1026.75,16.0,EAST,2.5,4.0,3.0,House,7.0,0,1,0,0,1,1,0,0,0,0,1,6
"Mandikhatar, Kathmandu",25000000.0,1026.75,13.0,SOUTH-EAST,2.5,10.0,5.0,House,7.0,0,1,0,0,1,1,0,0,0,0,1,6
"Bhaisepati, Lalitpur",38000000.0,1403.225,12.0,NORTH-EAST,2.5,4.0,1.0,House,5.0,0,1,0,0,1,1,0,0,0,0,1,5
"Sitapaila, Kathmandu",47000000.0,2121.9500000000003,20.0,WEST,2.5,5.0,3.0,House,9.0,0,1,0,0,1,1,0,0,0,0,1,6
"Imadol, Lalitpur",34000000.0,1369.0,13.0,SOUTH,2.5,4.0,2.0,House,5.0,0,1,0,0,1,1,0,0,0,0,1,5
Other,30000000.0,1095.2,13.0,EAST,3.0,8.0,3.0,House,21.0,0,1,0,0,1,1,0,0,0,0,1,5
"Syuchatar, Kathmandu",22000000.0,1095.2,14.0,NORTH,2.0,4.0,2.0,House,5.0,0,1,0,0,1,1,0,0,0,0,1,6
"Kapan, Kathmandu",22500000.0,1095.2,13.0,EAST,2.5,,4.0,House,7.0,0,0,0,0,1,1,0,0,0,0,1,4
Other,60000000.0,3764.75,17.0,NORTH,2.5,3.0,3.0,Bungalow,17.0,0,1,0,0,1,1,0,0,0,0,1,8
Other,49900000.0,1369.0,14.0,SOUTH-EAST,3.5,,4.0,House,12.0,0,1,0,0,1,1,0,1,0,0,0,8
"Bhaisepati, Lalitpur",50000000.0,2053.5,13.0,SOUTH,2.5,4.0,5.0,Bungalow,9.0,0,1,0,0,1,1,0,0,0,0,1,5
Other,60000000.0,1779.7,15.0,WEST,2.5,6.0,4.0,Bungalow,11.0,0,1,0,1,1,1,0,0,0,0,1,7
"Budhanilkantha, Kathmandu",62000000.0,3148.7,20.0,WEST,2.5,4.0,6.0,House,17.0,0,1,0,0,1,1,0,0,0,0,1,5
Other,26000000.0,1369.0,11.0,SOUTH,2.5,6.0,3.0,House,13.0,0,1,0,0,1,1,0,0,0,0,1,5
Other,27000000.0,1026.75,32.0,SOUTH,2.5,4.0,6.0,House,5.0,0,0,0,0,1,1,0,0,0,0,1,4
"Baluwakhani, Kathmandu",27500000.0,1060.9750000000001,16.0,WEST,3.0,6.0,3.0,House,19.0,0,0,0,0,1,1,0,0,0,0,1,4
"Mandikhatar, Kathmandu",42500000.0,1369.0,20.0,SOUTH,2.5,4.0,5.0,House,15.0,0,1,0,0,0,1,0,0,0,0,1,4
"Pepsicola, Kathmandu",32500000.0,1711.25,18.0,SOUTH-EAST,3.0,5.0,4.0,House,9.0,0,1,0,0,1,1,0,0,0,0,1,6
"Kapan, Kathmandu",18500000.0,787.175,13.0,UNKNOWN,2.5,,4.0,House,21.0,0,1,0,0,1,1,0,0,0,0,0,5
Other,27500000.0,1060.9750000000001,16.0,WEST,2.5,,4.0,House,17.0,0,1,0,0,1,1,0,0,0,0,0,5
Other,12000000.0,1060.9750000000001,20.0,NORTH-EAST,1.0,2.0,1.0,House,5.0,0,1,0,0,1,1,0,0,0,0,0,4
"Kapan, Kathmandu",45500000.0,2053.5,15.0,NORTH,2.5,5.0,3.0,House,7.0,0,1,0,0,1,1,1,0,0,0,0,6
"Dhapasi, Kathmandu",47000000.0,3080.25,12.0,EAST,2.5,6.0,2.0,House,8.0,0,1,0,1,1,1,0,0,0,0,1,6
Other,9000000.0,1095.2,13.0,EAST,2.0,5.0,1.0,House,18.0,0,0,0,0,1,1,0,0,0,0,1,4
"Bhaisepati, Lalitpur",90000000.0,2053.5,15.0,SOUTH-EAST,2.5,5.0,5.0,House,12.0,0,1,0,0,1,1,0,0,0,0,1,4
"Bhaisepati, Lalitpur",45000000.0,1437.45,13.0,SOUTH-EAST,2.5,5.0,4.0,Bungalow,5.0,0,1,0,1,1,1,0,0,0,1,1,9
"Mandikhatar, Kathmandu",26500000.0,1060.9750000000001,13.0,WEST,2.5,6.0,4.0,House,9.0,0,0,0,0,1,1,0,0,0,0,1,4
"Mandikhatar, Kathmandu",38500000.0,1711.25,13.0,EAST,2.5,6.0,4.0,House,5.0,0,1,0,0,1,1,0,0,0,0,1,6
"Imadol, Lalitpur",24500000.0,1060.9750000000001,13.0,NORTH,2.5,,4.0,House,15.0,0,0,0,0,1,0,0,0,0,0,0,3
"Hepali Height, Kathmandu",33500000.0,1369.0,13.0,NORTH-EAST,2.5,4.0,5.0,House,5.0,0,1,0,1,1,1,0,0,0,0,1,6
"Pepsicola, Kathmandu",67500000.0,2395.75,20.0,SOUTH,2.5,5.0,4.0,House,9.0,0,1,0,1,1,1,0,0,0,0,1,7
"Bhaisepati, Lalitpur",40000000.0,1437.45,20.0,SOUTH-EAST,2.5,6.0,4.0,House,3.0,0,1,0,1,1,0,0,0,0,0,0,5
"Khumaltar, Lalitpur",39000000.0,1437.45,14.0,SOUTH,2.5,4.0,4.0,Bungalow,21.0,0,1,0,1,1,1,0,0,0,0,0,7
Other,31000000.0,1437.45,14.0,SOUTH-WEST,3.5,6.0,5.0,House,17.0,0,1,0,0,1,1,0,0,0,0,1,7
"Kusunti, Lalitpur",40000000.0,1437.45,11.0,WEST,2.5,4.0,4.0,House,25.0,0,1,0,1,1,1,0,0,0,0,1,7
"Golfutar, Kathmandu",125000000.0,3080.25,12.0,SOUTH,2.5,6.0,4.0,Bungalow,5.0,0,1,0,1,1,1,0,0,0,0,1,8
Other,36000000.0,1129.425,13.0,NORTH-WEST,2.5,7.0,4.0,House,13.0,0,1,0,0,1,1,0,0,0,0,0,5
Other,31500000.0,1711.25,12.0,SOUTH-WEST,2.5,6.0,5.0,House,11.0,0,1,0,0,1,1,1,0,0,0,0,7
"Hattiban, Lalitpur",40000000.0,1403.225,13.0,NORTH-EAST,3.0,7.0,5.0,House,21.0,0,1,0,1,1,1,1,0,0,0,0,8
"Bhangal, Kathmandu",32000000.0,1403.225,13.0,NORTH-EAST,2.5,,4.0,Bungalow,13.0,0,1,0,0,1,1,1,0,0,0,1,8
"Nakhipot, Lalitpur",32500000.0,12028.5,13.0,WEST,2.5,5.0,4.0,House,28.0,0,1,0,1,1,1,0,0,0,0,1,7
Other,10000000.0,752.95,13.0,NORTH-WEST,1.0,3.0,1.0,House,5.0,0,0,0,0,1,1,0,0,0,0,0,3
Other,26500000.0,1711.25,36.0,NORTH-EAST,2.5,8.0,4.0,House,19.0,0,1,0,0,1,1,0,0,0,0,1,5
"Bhaisepati, Lalitpur",45000000.0,1197.875,15.0,SOUTH,2.5,4.0,4.0,House,15.0,0,1,0,1,1,1,0,0,0,0,1,8
"Golfutar, Kathmandu",32500000.0,1369.0,13.0,EAST,2.5,4.0,2.0,House,9.0,0,1,0,0,1,1,0,0,0,0,1,7
"Sitapaila, Kathmandu",14000000.0,1026.75,13.0,WEST,1.0,2.0,1.0,House,3.0,0,1,0,0,1,1,0,0,0,0,0,5
Other,62000000.0,2464.2000000000003,13.0,WEST,5.0,17.0,10.0,House,21.0,0,1,0,0,1,1,0,0,0,0,0,5
"Kapan, Kathmandu",13500000.0,1026.75,13.0,SOUTH,1.0,2.0,1.0,House,17.0,0,1,0,0,1,1,0,0,0,0,1,5
"Hepali Height, Kathmandu",33500000.0,1369.0,13.0,NORTH-EAST,2.5,4.0,5.0,House,5.0,0,1,0,0,1,1,0,0,0,0,1,7
"Budhanilkantha, Kathmandu",36000000.0,1711.25,14.0,SOUTH-WEST,2.5,6.0,5.0,House,27.0,0,1,0,0,1,1,0,0,0,0,1,7
Other,32000000.0,787.175,16.0,SOUTH,4.0,8.0,4.0,House,12.0,0,1,0,0,1,1,0,0,0,0,0,4
"Sitapaila, Kathmandu",65000000.0,1711.25,13.0,EAST,2.5,5.0,7.0,Bungalow,5.0,0,1,0,1,1,1,0,0,0,0,0,6
"Pasikot, Kathmandu",45000000.0,1505.9,15.0,NORTH-EAST,2.5,4.0,3.0,Bungalow,9.0,0,1,0,1,1,1,0,0,0,0,1,9
"Dhapasi, Kathmandu",58000000.0,3114.475,17.5,SOUTH,3.5,5.0,5.0,House,6.0,0,1,0,1,1,1,1,0,0,1,1,10
"Baluwatar, Kathmandu",65000000.0,22599.0,15.0,EAST,2.5,5.0,5.0,House,5.0,0,1,0,1,1,1,0,0,0,0,1,7
"Gothatar, Kathmandu",24000000.0,1129.425,28.0,NORTH-WEST,2.5,5.0,3.0,House,5.0,0,1,0,0,1,1,1,0,0,0,0,6
Other,50000000.0,2053.5,10.5,NORTH,3.0,5.0,5.0,House,19.0,0,1,0,1,1,1,0,0,0,0,1,6
"Bhangal, Kathmandu",65000000.0,5202.2,24.0,WEST,3.0,6.0,6.0,Bungalow,15.0,0,1,0,1,1,1,0,0,0,0,0,6
"Nakhipot, Lalitpur",36000000.0,1369.0,12.0,SOUTH-EAST,2.5,7.0,5.0,House,28.0,0,1,0,0,1,0,1,0,0,0,1,6
"Baluwakhani, Kathmandu",22500000.0,1026.75,14.0,UNKNOWN,3.0,,4.0,House,5.0,0,1,0,0,1,1,1,0,0,0,0,6
"Imadol, Lalitpur",21000000.0,1026.75,13.0,SOUTH,2.5,3.0,3.0,House,15.0,0,1,0,0,1,0,0,0,0,0,1,5
"Budhanilkantha, Kathmandu",105000000.0,4449.25,13.0,EAST,2.5,4.0,4.0,Bungalow,9.0,0,1,0,1,1,1,0,0,0,0,0,8
"Budhanilkantha, Kathmandu",46000000.0,2053.5,13.0,WEST,2.5,4.0,4.0,House,3.0,0,1,0,0,1,1,0,0,0,0,0,6
Other,36000000.0,1403.225,16.0,WEST,2.5,4.0,4.0,Bungalow,21.0,0,1,0,0,1,1,0,0,0,0,1,5
"Mandikhatar, Kathmandu",34500000.0,1471.675,13.0,EAST,2.5,5.0,5.0,Bungalow,17.0,0,1,0,0,1,1,0,0,0,0,1,5
"Dhapasi, Kathmandu",44000000.0,2395.75,13.0,NORTH-EAST,2.5,5.0,4.0,House,5.0,0,1,0,1,1,1,0,0,0,0,1,7
Other,13799999.999999998,1026.75,13.0,EAST,1.0,2.0,1.0,House,6.0,0,1,0,0,1,1,0,0,0,0,0,4
Other,18500000.0,1026.75,13.0,SOUTH,2.5,5.0,3.0,House,5.0,0,1,0,0,1,1,1,0,0,0,0,6
"Baluwatar, Kathmandu",80000000.0,2738.0,10.0,SOUTH,2.5,3.0,4.0,Bungalow,19.0,0,1,0,1,1,1,1,0,0,0,1,11
Other,24000000.0,752.95,24.0,NORTH,4.0,4.0,4.0,House,5.0,0,1,0,0,1,0,1,0,0,0,0,5
"Deuwa Chowk, Kathmandu",24000000.0,1026.75,13.0,EAST,2.5,,4.0,House,9.0,0,1,0,0,1,1,1,0,0,0,0,7
"Bhangal, Kathmandu",37500000.0,1711.25,13.0,WEST,2.5,,4.0,Bungalow,9.0,0,1,0,1,1,1,1,0,0,0,0,7
"Bhangal, Kathmandu",29500000.0,1369.0,13.0,EAST,3.0,,4.0,House,9.0,0,1,0,0,1,1,0,0,0,0,0,5
"Mandikhatar, Kathmandu",37800000.0,1711.25,13.0,EAST,2.5,6.0,4.0,House,5.0,0,1,0,0,1,1,1,0,0,0,0,7
"Pepsicola, Kathmandu",24000000.0,1095.2,20.0,EAST,2.5,6.0,3.0,House,6.0,0,1,0,0,1,0,1,0,0,0,0,6
"Kapan, Kathmandu",26500000.0,1369.0,13.0,NORTH-WEST,2.5,,4.0,House,7.0,0,1,0,0,1,1,0,0,0,0,0,6
"Kapan, Kathmandu",16800000.0,1060.9750000000001,13.0,SOUTH-EAST,1.0,2.0,1.0,House,20.0,0,1,0,0,1,1,0,0,0,0,1,5
"Sitapaila, Kathmandu",15000000.0,752.95,13.0,SOUTH,3.0,,3.0,House,18.0,0,0,0,0,1,1,0,0,0,0,0,3
"Mandikhatar, Kathmandu",27500000.0,1060.9750000000001,16.0,WEST,3.0,,4.0,House,6.0,0,1,0,0,1,1,1,0,0,0,0,6
Other,28000000.0,2233.81,20.0,SOUTH,3.0,4.0,4.0,House,6.0,0,1,0,0,1,1,1,1,0,0,0,8
"Gothatar, Kathmandu",22500000.0,1060.9750000000001,20.0,EAST,2.5,,4.0,House,9.0,0,1,0,0,1,1,1,0,0,0,0,6
Other,31500000.0,1369.0,14.0,WEST,3.0,,4.0,House,9.0,0,1,0,0,1,1,0,0,0,0,0,5
Other,55000000.0,1026.75,13.0,SOUTH-EAST,2.5,5.0,3.0,House,33.0,0,1,0,1,1,1,0,0,0,0,1,10
"Kusunti, Lalitpur",110000000.0,3080.25,16.0,EAST,2.5,4.0,4.0,House,7.0,0,1,0,1,1,1,0,0,0,0,0,7
"Bafal, Kathmandu",36500000.0,1369.0,12.0,SOUTH-WEST,2.5,7.0,3.0,House,20.0,0,1,0,0,1,1,0,0,0,0,0,4
Other,15000000.0,1369.0,13.0,SOUTH-EAST,1.0,2.0,1.0,House,5.0,0,1,0,0,1,1,0,0,0,0,0,4
Other,22000000.0,364.5,20.0,EAST,3.0,12.0,4.0,House,23.0,0,0,0,0,1,1,0,0,0,1,1,11
"Budhanilkantha, Kathmandu",50000000.0,1540.125,13.0,NORTH,2.5,7.0,7.0,Bungalow,24.0,0,1,0,1,1,1,0,0,0,0,1,8
"Ganesh Chowk, Kathmandu",35000000.0,1369.0,13.0,EAST,2.5,5.0,4.0,House,6.0,0,1,0,1,1,1,0,0,0,0,0,7
"Chunikhel, Kathmandu",28000000.0,1369.0,13.0,SOUTH-WEST,2.5,5.0,4.0,House,6.0,0,1,0,0,1,1,1,0,0,0,0,6
"Baluwatar, Kathmandu",35000000.0,2053.5,25.0,WEST,2.5,5.0,3.0,House,13.0,0,1,0,1,1,1,0,0,0,0,0,6
Other,33000000.0,1369.0,20.0,NORTH,3.0,4.0,4.0,House,11.0,0,1,0,0,1,1,0,0,0,0,1,5
"Tikathali, Lalitpur",22000000.0,889.85,12.0,SOUTH-EAST,2.5,6.0,4.0,House,7.0,0,1,0,1,0,1,1,0,0,1,1,11
"Imadol, Lalitpur",28500000.0,1095.2,20.0,NORTH-EAST,2.5,7.0,4.0,House,6.0,0,1,0,0,1,1,0,0,0,0,1,6
Other,17000000.0,1403.225,16.0,EAST,1.0,2.0,1.0,House,6.0,0,1,0,1,1,1,1,0,0,0,0,7
"Budhanilkantha, Kathmandu",36000000.0,1711.25,13.0,WEST,2.5,5.0,4.0,House,6.0,0,1,0,0,1,1,1,0,0,0,0,6
"Dhapasi, Kathmandu",21000000.0,1060.9750000000001,12.0,EAST,2.5,5.0,3.0,House,12.0,0,1,0,0,1,1,0,0,0,0,0,4
Other,23500000.0,1095.2,20.0,SOUTH,2.5,5.0,3.0,House,5.0,0,1,0,1,1,1,1,1,0,0,1,10
"Rudreshwor, Kathmandu",68000000.0,2156.1749999999997,14.0,EAST,2.5,5.0,4.0,House,5.0,0,1,0,1,1,1,0,0,0,0,1,6
Other,6800000.0,1129.425,10.0,SOUTH-EAST,1.0,2.0,1.0,House,9.0,0,0,0,0,1,1,0,0,0,0,1,4
"Nakkhu, Lalitpur",64000000.0,2738.0,15.0,EAST,3.0,8.0,6.0,House,18.0,0,1,0,1,1,1,1,0,0,0,1,9
Other,60000000.0,2395.75,14.0,EAST,2.0,5.0,4.0,House,27.0,0,1,0,0,1,1,0,0,0,0,1,5
Other,35000000.0,2121.9500000000003,8.0,NORTH,3.5,5.0,3.0,House,7.0,0,0,0,1,0,1,0,0,0,1,1,11
Other,32500000.0,1026.75,12.0,WEST,2.5,3.0,4.0,Bungalow,8.0,0,1,0,0,1,1,0,0,0,0,1,6
"Budhanilkantha, Kathmandu",40000000.0,1026.75,15.0,NORTH,2.5,6.0,7.0,Bungalow,18.0,0,1,0,1,1,1,0,0,0,0,1,8
"Budhanilkantha, Kathmandu",105000000.0,3422.5,13.0,SOUTH,4.5,9.0,4.0,House,15.0,0,1,0,1,1,1,0,0,0,0,1,6
"Kusunti, Lalitpur",24000000.0,1095.2,13.0,SOUTH,2.5,5.0,4.0,House,12.0,0,1,0,0,1,1,0,0,0,0,1,6
"Dhapakhel, Lalitpur",19000000.0,752.95,13.0,SOUTH,3.0,6.0,4.0,House,5.0,0,1,0,0,1,1,1,1,0,0,0,8
"Sundarbasti, Kathmandu",25500000.0,1095.2,12.0,EAST,3.0,6.0,5.0,House,9.0,0,1,0,0,1,1,0,0,0,0,0,5
"Chandragiri, Kathmandu",40000000.0,5202.2,14.0,SOUTH,2.5,5.0,4.0,House,16.0,0,1,0,1,1,1,0,0,0,0,0,7
"Baluwakhani, Kathmandu",19500000.0,1095.2,13.0,EAST,2.5,5.0,3.0,House,6.0,0,1,0,0,1,1,0,0,0,0,1,5
Other,35000000.0,1779.7,16.0,NORTH,2.5,4.0,4.0,House,5.0,0,1,0,0,1,1,0,0,0,0,0,4
"Thankot, Kathmandu",16000000.0,787.175,13.0,SOUTH-WEST,2.5,5.0,3.0,House,5.0,0,1,0,0,1,1,1,0,0,0,0,6
"Imadol, Lalitpur",27500000.0,1095.2,13.0,SOUTH,2.5,5.0,4.0,House,15.0,0,1,0,0,1,1,0,0,0,0,1,5
Other,37500000.0,1779.7,14.0,SOUTH,3.0,5.0,4.0,Bungalow,28.0,0,1,0,0,1,1,0,0,0,0,0,4
"Khumaltar, Lalitpur",31000000.0,1403.225,13.0,SOUTH-EAST,3.5,5.0,4.0,House,5.0,0,1,0,0,1,1,0,0,0,0,1,6
Other,45000000.0,1369.0,26.0,EAST,3.5,5.0,6.0,House,19.0,0,1,0,1,1,1,0,0,0,0,1,7
Other,17000000.0,1275.0,20.0,NORTH,2.0,4.0,2.0,House,5.0,0,0,0,0,1,1,1,0,0,0,0,5
"Gongabu, Kathmandu",51500000.0,2738.0,10.0,SOUTH-WEST,2.5,5.0,3.0,House,9.0,0,1,0,1,1,1,0,0,0,0,1,8
"Budhanilkantha, Kathmandu",35000000.0,1437.45,13.0,SOUTH-WEST,2.5,4.0,4.0,Bungalow,16.0,0,1,0,0,1,1,1,0,0,0,0,6
"Budhanilkantha, Kathmandu",35000000.0,1437.45,13.0,SOUTH-WEST,2.5,4.0,4.0,House,6.0,0,1,0,0,1,1,1,0,0,0,0,6
"Budhanilkantha, Kathmandu",37500000.0,1026.75,10.0,SOUTH,2.5,5.0,3.0,House,5.0,0,1,0,1,1,1,0,0,0,0,1,6
"Ochu Height, Lalitpur",23000000.0,1026.75,13.0,WEST,2.5,4.0,4.0,House,5.0,0,1,0,1,1,0,0,0,0,0,0,6
"Mandikhatar, Kathmandu",39500000.0,1711.25,16.0,EAST,2.5,5.0,5.0,House,19.0,0,1,0,0,1,1,0,0,0,0,0,7
"Thankot, Kathmandu",21000000.0,1026.75,13.0,NORTH,2.5,4.0,4.0,House,15.0,0,1,0,0,1,1,0,0,0,0,0,5
"Imadol, Lalitpur",70000000.0,2395.75,18.0,SOUTH-WEST,4.5,14.0,6.0,House,6.0,0,1,0,0,1,1,0,0,0,0,1,5
"Bhaisepati, Lalitpur",38000000.0,1403.225,10.0,SOUTH-EAST,2.5,4.0,3.0,House,15.0,0,1,0,1,1,1,0,0,0,0,1,6
Other,31000000.0,2738.0,13.0,NORTH-EAST,1.0,2.0,1.0,House,18.0,0,1,0,1,1,1,0,0,0,0,0,6
"Imadol, Lalitpur",24000000.0,1060.9750000000001,13.0,EAST,3.0,4.0,4.0,House,21.0,0,1,0,0,1,0,0,0,0,0,0,4
Other,15000000.0,1060.9750000000001,11.0,EAST,2.5,6.0,4.0,House,13.0,0,1,0,0,1,0,0,0,0,0,0,3
"Pepsicola, Kathmandu",24000000.0,752.95,20.0,EAST,3.0,4.0,4.0,House,9.0,0,1,0,1,1,1,0,0,0,0,1,11
"Banasthali, Kathmandu",70000000.0,2121.9500000000003,20.0,EAST,2.5,5.0,5.0,Bungalow,19.0,0,1,0,1,1,1,0,0,0,0,0,5
"Imadol, Lalitpur",27500000.0,1095.2,20.0,WEST,2.5,5.0,4.0,House,15.0,0,1,0,1,1,1,0,0,0,0,1,6
"Kusunti, Lalitpur",27500000.0,1369.0,16.0,NORTH,2.5,5.0,4.0,House,6.0,0,1,0,1,1,1,0,0,0,0,1,6
Other,30000000.0,1369.0,13.0,SOUTH,2.5,3.0,3.0,House,9.0,0,0,0,1,0,0,1,0,0,1,1,11
Other,48500000.0,2053.5,13.0,WEST,2.0,4.0,4.0,Bungalow,9.0,0,1,0,1,1,1,0,0,0,0,1,7
Other,36500000.0,1711.25,13.0,NORTH,3.5,4.0,4.0,House,5.0,0,1,0,0,1,1,0,0,0,0,0,5
"Hepali Height, Kathmandu",30000000.0,1026.75,12.0,SOUTH,2.5,5.0,5.0,Bungalow,9.0,0,1,0,1,1,1,0,0,0,0,0,7
Other,37500000.0,1197.875,14.0,SOUTH-WEST,3.0,7.0,4.0,House,15.0,0,1,0,0,1,1,0,0,0,0,0,4
Other,12000000.0,1026.75,16.0,NORTH,1.5,5.0,4.0,House,11.0,0,1,0,0,0,1,0,0,0,0,0,3
Other,43000000.0,1437.45,12.0,EAST,2.5,3.0,3.0,House,6.0,0,1,0,0,1,1,0,0,0,0,0,5
Other,29500000.0,1369.0,13.0,NORTH-EAST,2.5,4.0,4.0,House,8.0,0,1,0,0,1,1,1,0,0,0,0,6
Other,30500000.0,1711.25,14.0,WEST,2.5,5.0,3.0,House,6.0,0,1,0,1,1,1,0,0,0,0,0,6
Other,45000000.0,1095.2,13.0,SOUTH,2.5,8.0,8.0,House,11.0,0,1,0,0,1,1,0,0,0,0,1,5
"Bhaisepati, Lalitpur",26500000.0,1095.2,16.0,NORTH-WEST,2.5,5.0,5.0,House,6.0,0,0,0,0,1,1,0,0,0,0,1,4
"Golfutar, Kathmandu",37500000.0,1369.0,13.0,EAST,2.5,4.0,3.0,House,8.0,0,1,0,1,1,1,0,0,0,0,1,6
Other,13000000.0,1471.675,20.0,NORTH-WEST,2.5,3.0,2.0,House,15.0,0,1,0,0,0,1,0,0,0,0,0,3
"Budhanilkantha, Kathmandu",36000000.0,1711.25,14.0,SOUTH-WEST,2.5,6.0,5.0,Bungalow,6.0,0,1,0,0,1,1,0,0,0,0,0,5
Other,72500000.0,3080.25,10.0,NORTH,3.0,6.0,4.0,House,8.0,0,1,0,1,1,1,0,0,0,0,0,5
"Pasikot, Kathmandu",35000000.0,2053.5,13.0,SOUTH-EAST,2.5,5.0,4.0,House,6.0,0,1,0,1,1,1,0,0,0,0,1,7
Other,31000000.0,1369.0,13.0,EAST,2.5,7.0,5.0,House,11.0,0,1,0,1,1,1,0,0,0,0,1,6
Other,49000000.0,1403.225,20.0,WEST,2.5,5.0,4.0,House,6.0,0,1,0,1,1,1,0,0,0,0,1,6
Other,33000000.0,1437.45,16.0,NORTH-EAST,2.5,5.0,4.0,House,8.0,0,1,0,0,1,1,0,0,0,0,1,5
"Imadol, Lalitpur",26500000.0,1095.2,13.0,NORTH,2.5,5.0,4.0,House,15.0,0,1,0,0,1,1,0,0,0,0,1,5
Other,55000000.0,2738.0,10.5,SOUTH-EAST,3.5,6.0,4.0,House,25.0,0,1,0,0,1,1,0,0,0,0,0,4
Other,58500000.0,2806.45,18.0,SOUTH-EAST,3.5,13.0,4.0,House,13.0,0,1,0,1,0,1,0,1,0,0,1,11
"Imadol, Lalitpur",2200000.0,1026.75,13.0,WEST,2.5,4.0,3.0,House,6.0,0,1,0,1,1,0,0,0,0,0,1,5
"Nakkhu, Lalitpur",28000000.0,1369.0,15.0,SOUTH-WEST,2.5,4.0,4.0,House,8.0,0,1,0,0,1,1,0,0,0,0,1,5
"Imadol, Lalitpur",19500000.0,787.175,13.0,EAST,2.5,4.0,3.0,House,15.0,0,1,0,0,1,0,0,0,0,0,1,4
"Dhapasi, Kathmandu",10000000.0,855.625,6.0,SOUTH,1.5,3.0,2.0,House,5.0,0,1,0,0,0,1,1,0,0,0,1,5
"Bhangal, Kathmandu",31000000.0,1369.0,13.0,EAST,2.5,5.0,3.0,Bungalow,15.0,0,1,0,0,1,1,1,0,0,0,0,7
Other,75000000.0,3422.5,20.0,NORTH-EAST,2.5,6.0,6.0,House,25.0,0,1,0,1,1,1,0,0,0,0,1,7
Other,76500000.0,2738.0,22.0,SOUTH-EAST,2.5,5.0,6.0,House,13.0,0,1,0,1,1,1,0,0,0,0,1,6
"Budhanilkantha, Kathmandu",36000000.0,1711.25,14.0,SOUTH-WEST,2.5,6.0,5.0,House,18.0,0,1,0,0,1,1,0,0,0,0,1,5
Other,35000000.0,1369.0,20.0,WEST,3.5,5.0,6.0,House,8.0,0,1,0,1,1,1,0,0,0,0,0,7
"Bhangal, Kathmandu",29500000.0,1711.25,13.0,EAST,2.5,5.0,4.0,House,8.0,0,1,0,0,1,1,1,0,0,0,0,7
"Chunikhel, Kathmandu",22000000.0,1095.2,15.0,NORTH-WEST,2.0,4.0,3.0,House,11.0,0,1,0,0,1,0,1,1,0,0,1,9
Other,17500000.0,684.5,10.0,SOUTH,2.0,4.0,2.0,House,6.0,0,1,0,0,1,1,0,0,0,0,0,5
"Rudreshwor, Kathmandu",145000000.0,4107.0,13.0,SOUTH-EAST,2.5,5.0,5.0,House,8.0,0,1,0,1,1,1,0,0,0,0,0,7
"Sanepa, Lalitpur",45000000.0,1711.25,10.0,SOUTH-EAST,2.5,5.0,4.0,House,23.0,0,1,0,1,1,1,0,0,0,0,1,8
"Dhapasi, Kathmandu",21000000.0,1026.75,13.0,EAST,2.5,5.0,2.0,House,13.0,0,1,0,0,1,1,0,0,0,0,0,4
"Narayanthan, Kathmandu",105000000.0,3764.75,13.0,EAST,2.5,5.0,6.0,House,6.0,0,1,0,1,1,1,0,0,0,0,0,7
Other,26500000.0,1095.2,11.0,SOUTH-WEST,2.5,5.0,3.0,House,8.0,0,1,0,0,1,0,0,0,0,0,0,4
"Sanepa, Lalitpur",65000000.0,1711.25,16.0,NORTH-EAST,2.5,6.0,5.0,Bungalow,15.0,0,1,0,0,1,0,0,0,0,0,0,3
Other,38000000.0,1369.0,12.0,SOUTH,3.5,9.0,4.0,House,5.0,0,1,0,0,1,0,0,0,0,0,0,4
Other,105000000.0,4791.5,13.0,EAST,3.5,8.0,5.0,House,25.0,0,1,0,0,1,0,0,0,0,0,0,4
"Sukedhara, Kathmandu",29500000.0,1369.0,12.0,SOUTH,2.5,7.0,3.0,House,25.0,0,1,0,0,1,1,0,0,0,0,1,5
"Hattigaunda, Kathmandu",39000000.0,1745.475,13.0,NORTH,3.5,5.0,7.0,Bungalow,9.0,0,1,0,0,1,1,0,0,0,0,1,6
"Thaiba, Lalitpur",12500000.0,1060.9750000000001,20.0,SOUTH-EAST,2.5,4.0,4.0,House,15.0,0,1,0,0,1,1,0,0,0,0,1,5
"Bhaisepati, Lalitpur",45000000.0,1711.25,18.0,NORTH-EAST,2.5,5.0,5.0,House,6.0,0,1,0,0,1,1,0,0,0,0,0,4
"Bhaisepati, Lalitpur",45000000.0,1437.45,20.0,SOUTH-EAST,2.5,4.0,5.0,House,8.0,0,0,0,1,1,1,0,0,0,0,1,5
Other,40000000.0,1711.25,13.0,WEST,3.0,6.0,5.0,House,15.0,0,1,0,0,1,1,0,0,0,0,0,5
"Golfutar, Kathmandu",37500000.0,1403.225,13.0,EAST,2.5,4.0,3.0,House,15.0,0,1,0,0,1,1,0,0,0,0,0,6
"Chunikhel, Kathmandu",20500000.0,1060.9750000000001,13.0,SOUTH-EAST,2.5,5.0,3.0,House,9.0,0,1,0,0,1,1,0,0,0,0,0,4
"Mandikhatar, Kathmandu",22200000.000000004,1095.2,13.0,EAST,2.5,5.0,4.0,House,5.0,0,1,0,0,1,1,1,0,0,0,0,6
"Sanagaun, Lalitpur",30500000.0,1403.225,14.5,NORTH-EAST,3.0,5.0,5.0,House,15.0,0,1,0,1,1,1,0,0,0,0,1,7
Other,27000000.0,1369.0,13.0,EAST,2.5,,4.0,House,9.0,0,1,0,0,1,1,0,0,0,0,0,5
Other,8500000.0,594.0,13.0,NORTH-WEST,4.0,,4.0,House,9.0,0,0,0,0,1,0,0,0,0,0,0,2
"Budhanilkantha, Kathmandu",52000000.0,1711.25,15.0,SOUTH,2.5,6.0,6.0,Bungalow,23.0,0,0,0,0,1,1,0,0,0,0,1,4
"Budhanilkantha, Kathmandu",48000000.0,1711.25,13.0,SOUTH,2.5,4.0,6.0,Bungalow,23.0,0,1,0,1,1,1,0,0,0,0,1,6
"Budhanilkantha, Kathmandu",165000000.0,6160.5,15.0,SOUTH-EAST,2.5,5.0,6.0,House,18.0,0,1,0,1,1,1,0,1,0,0,0,8
Other,29000000.0,1129.425,18.0,SOUTH,2.5,3.0,4.0,House,10.0,0,1,0,1,1,1,0,0,0,0,0,7
"Bhaisepati, Lalitpur",38000000.0,1779.7,15.5,NORTH,2.5,5.0,5.0,House,8.0,0,1,0,0,1,0,0,0,0,0,0,4
Other,45000000.0,1369.0,26.0,EAST,4.5,6.0,5.0,Bungalow,8.0,0,0,0,0,0,0,0,0,0,1,1,11
"Bhaisepati, Lalitpur",38000000.0,1779.7,18.0,NORTH-EAST,2.5,5.0,5.0,House,10.0,0,1,0,0,1,1,0,0,0,0,1,5
"Budhanilkantha, Kathmandu",55000000.0,2806.45,13.0,NORTH-EAST,2.5,4.0,4.0,House,12.0,0,1,0,1,1,1,0,0,0,0,0,6
"Bhaisepati, Lalitpur",36000000.0,1026.75,20.0,NORTH-WEST,2.5,6.0,6.0,House,8.0,0,1,0,1,1,1,0,0,0,0,1,7
Other,42500000.0,1129.425,11.0,SOUTH-WEST,3.5,6.0,5.0,House,5.0,0,1,0,0,1,1,0,0,0,0,0,5
"Bhangal, Kathmandu",33500000.0,1711.25,13.0,SOUTH,2.5,,4.0,Bungalow,9.0,0,1,0,0,1,1,1,0,0,0,0,6
Other,26000000.0,1437.45,18.0,WEST,3.0,5.0,3.0,House,9.0,0,1,0,0,1,0,0,0,0,0,0,3
"Bhaisepati, Lalitpur",29500000.0,1095.2,20.0,SOUTH-EAST,2.5,6.0,5.0,House,5.0,0,1,0,1,1,1,0,0,0,0,1,6
"Narayanthan, Kathmandu",65000000.0,2395.75,18.0,NORTH,2.5,6.0,3.0,House,9.0,0,1,0,0,1,1,0,0,0,0,0,5
"Nakkhu, Lalitpur",38000000.0,1745.475,12.5,WEST,2.5,4.0,4.0,Bungalow,15.0,0,1,0,0,1,0,0,1,0,0,0,7
Other,45000000.0,1711.25,20.0,SOUTH-EAST,2.5,5.0,3.0,Bungalow,6.0,0,1,0,0,1,1,1,0,0,0,0,6
Other,13000000.0,1060.9750000000001,12.0,EAST,1.0,2.0,1.0,House,6.0,0,1,0,0,1,1,1,0,0,0,0,6
"Hattiban, Lalitpur",75000000.0,3490.95,15.0,SOUTH-EAST,2.5,4.0,6.0,Bungalow,5.0,0,1,0,1,1,1,0,0,0,0,1,6
"Kapan, Kathmandu",15500000.0,752.95,12.0,NORTH,2.5,4.0,4.0,House,9.0,0,0,0,0,1,1,0,0,0,0,1,4
"Banasthali, Kathmandu",70000000.0,4517.7,20.0,SOUTH-EAST,2.5,6.0,3.0,House,5.0,0,1,0,0,1,1,0,0,0,0,1,5
"Baluwakhani, Kathmandu",38000000.0,1711.25,13.0,WEST,3.0,7.0,4.0,House,9.0,0,1,0,1,1,1,1,1,0,0,0,9
"Bhangal, Kathmandu",29000000.0,1369.0,13.0,NORTH,2.5,4.0,4.0,Bungalow,5.0,0,1,0,0,1,1,0,0,0,0,0,6
"Sunakothi, Lalitpur",16000000.0,2053.5,13.0,EAST,1.0,2.0,1.0,House,6.0,0,1,0,1,1,0,0,0,0,0,0,4
Other,9500000.0,1369.0,16.0,NORTH,1.0,2.0,1.0,House,8.0,0,0,0,0,1,0,1,0,0,0,0,3
"Sunakothi, Lalitpur",12500000.0,1437.45,8.0,SOUTH-WEST,1.5,3.0,2.0,House,12.0,0,1,0,0,1,0,0,0,0,0,0,3
Other,35000000.0,1779.7,12.0,SOUTH,3.5,14.0,4.0,House,25.0,0,1,0,0,1,0,0,0,0,0,0,3
"Mandikhatar, Kathmandu",75000000.0,3080.25,15.0,WEST,2.5,6.0,4.0,House,8.0,0,1,0,1,1,1,0,0,0,0,0,5
"Golfutar, Kathmandu",80000000.0,3080.25,15.0,WEST,2.5,5.0,4.0,Bungalow,6.0,0,1,0,1,1,1,0,0,0,0,0,8
"Thankot, Kathmandu",16000000.0,1129.425,13.0,SOUTH,2.5,5.0,4.0,House,8.0,0,1,0,0,1,1,1,0,0,0,0,5
"Budhanilkantha, Kathmandu",36000000.0,1711.25,16.5,NORTH,2.5,6.0,4.0,House,12.0,0,1,0,0,1,1,1,0,0,0,0,6
"Jyotinagar, Kathmandu",22500000.0,1095.2,13.0,SOUTH,2.5,7.0,4.0,House,5.0,0,1,0,0,1,1,0,0,0,0,0,5
"Bhaisepati, Lalitpur",38000000.0,1745.475,15.0,SOUTH-EAST,2.5,4.0,3.0,Bungalow,7.0,0,1,0,0,1,1,0,0,0,0,1,5
Other,10500000.0,1060.9750000000001,13.0,EAST,2.5,7.0,3.0,House,15.0,0,0,0,0,1,1,1,0,0,0,0,4
"Sundarbasti, Kathmandu",27500000.0,1369.0,18.0,EAST,2.5,6.0,4.0,House,6.0,0,1,0,0,1,1,0,0,0,0,0,5
Other,25000000.0,1060.9750000000001,14.0,WEST,2.5,4.0,3.0,House,24.0,0,1,0,0,1,1,1,0,0,0,1,6
Other,22500000.0,1026.75,13.0,WEST,3.0,7.0,4.0,House,13.0,0,0,0,0,1,0,0,0,0,0,0,3
"Hattiban, Lalitpur",46000000.0,1129.425,15.0,SOUTH,2.5,4.0,5.0,Bungalow,7.0,0,1,0,0,1,1,0,0,0,0,1,7
Other,18500000.0,1060.9750000000001,13.0,NORTH,2.5,5.0,4.0,House,9.0,0,1,0,0,1,0,1,0,0,0,0,5
"Imadol, Lalitpur",22500000.0,1060.9750000000001,16.0,SOUTH,2.5,5.0,4.0,House,6.0,0,1,0,1,1,1,0,0,0,0,1,6
"Budhanilkantha, Kathmandu",32500000.0,1369.0,14.0,SOUTH-EAST,2.5,6.0,5.0,House,24.0,0,1,0,0,1,1,0,0,0,0,1,6
Other,25000000.0,1129.425,12.0,EAST,3.5,5.0,3.0,House,9.0,0,1,0,0,1,1,0,0,0,0,0,5
"Kalanki, Kathmandu",45000000.0,2156.1749999999997,20.0,SOUTH,3.5,8.0,5.0,House,17.0,0,1,0,1,1,1,0,0,0,0,1,8
Other,35000000.0,1437.45,13.0,WEST,2.0,5.0,5.0,House,10.0,0,1,0,0,1,1,0,0,0,0,0,6
"Bhaisepati, Lalitpur",26500000.0,1095.2,20.0,SOUTH-WEST,2.5,4.0,4.0,House,23.0,0,1,0,1,1,1,0,0,0,0,1,6
Other,23500000.0,3422.5,15.0,WEST,2.5,6.0,4.0,House,5.0,0,1,0,0,1,0,0,0,0,0,0,4
"Kapan, Kathmandu",24000000.0,1129.425,12.0,WEST,2.5,6.0,5.0,House,11.0,0,1,0,0,1,1,0,0,0,0,0,5
"Bhaisepati, Lalitpur",37000000.0,1369.0,16.0,NORTH-WEST,2.5,6.0,5.0,House,16.0,0,1,0,1,1,1,0,0,0,0,0,6
Other,42500000.0,2053.5,10.0,SOUTH,3.5,4.0,4.0,House,5.0,0,1,0,0,1,1,0,0,0,0,1,6
"Mulpani, Kathmandu",31500000.0,1369.0,20.0,NORTH,2.5,5.0,4.0,House,11.0,0,1,0,0,0,1,1,1,0,0,0,11
Other,27500000.0,1369.0,10.0,SOUTH,2.5,3.0,4.0,Bungalow,6.0,0,1,0,0,1,1,0,0,0,0,1,6
Other,47500000.0,2053.5,14.0,SOUTH,2.5,7.0,5.0,House,11.0,0,1,0,0,1,0,0,0,0,0,1,5
Other,18500000.0,1129.425,13.0,EAST,2.5,6.0,4.0,House,23.0,0,1,0,0,1,0,0,0,0,0,0,4
"Tikathali, Lalitpur",19000000.0,1026.75,13.0,WEST,2.5,,4.0,House,5.0,0,1,0,0,1,0,0,0,0,0,0,4
"Khumaltar, Lalitpur",70000000.0,2224.625,15.0,SOUTH-WEST,2.5,4.0,5.0,House,11.0,0,1,0,1,1,1,0,0,0,0,1,8
"Tikathali, Lalitpur",18500000.0,787.175,13.0,WEST,2.5,,4.0,House,9.0,0,1,0,0,1,0,0,0,0,0,0,4
Other,60000000.0,1369.0,15.0,NORTH-WEST,5.5,8.0,8.0,House,5.0,0,1,0,0,1,0,0,0,0,0,0,3
Other,35000000.0,1095.2,15.0,SOUTH-EAST,3.0,4.0,5.0,House,5.0,0,1,0,1,1,1,0,0,0,0,1,8
"Bansbari, Kathmandu",62000000.0,3490.95,15.0,EAST,2.5,5.0,5.0,House,5.0,0,1,0,1,1,1,0,0,0,0,1,6
Other,25000000.0,1369.0,12.0,UNKNOWN,2.5,4.0,3.0,House,15.0,0,1,0,0,1,0,0,0,0,0,0,3
Other,20000000.0,1711.25,10.0,NORTH-EAST,3.0,3.0,2.0,House,14.0,0,1,0,1,1,1,1,0,0,0,0,6
Other,70000000.0,3080.25,12.0,UNKNOWN,4.5,,4.0,House,9.0,0,1,0,0,1,0,0,0,0,0,0,3
Other,36000000.0,1711.25,13.0,WEST,2.5,5.0,4.0,House,6.0,0,1,0,0,0,1,1,0,0,0,0,4
Other,46500000.0,3490.95,20.0,SOUTH,2.5,6.0,5.0,House,13.0,0,1,0,1,0,0,1,0,0,1,1,11
"Budhanilkantha, Kathmandu",69000000.0,5476.0,13.0,NORTH-EAST,2.5,5.0,5.0,Bungalow,5.0,0,1,0,1,1,1,0,0,0,0,0,6
"Bhangal, Kathmandu",34000000.0,1711.25,13.0,SOUTH-WEST,2.5,3.0,5.0,Bungalow,9.0,0,1,0,1,1,1,0,0,0,0,0,5
"Mandikhatar, Kathmandu",35000000.0,1437.45,13.0,NORTH,3.5,,4.0,House,6.0,0,1,0,0,1,1,0,0,0,0,0,6
Other,65000000.0,3148.7,20.0,EAST,2.5,4.0,5.0,House,15.0,0,1,0,1,1,1,0,0,0,0,1,8
"Kapan, Kathmandu",37500000.0,1437.45,12.0,SOUTH,2.5,6.0,3.0,House,23.0,0,1,0,1,1,1,1,0,0,0,1,9
"Thankot, Kathmandu",12500000.0,1026.75,13.0,NORTH,2.0,4.0,4.0,House,5.0,0,0,0,0,1,1,0,0,0,0,0,4
Other,62000000.0,2464.2000000000003,13.0,UNKNOWN,3.0,,4.0,House,9.0,0,1,0,0,1,1,0,0,0,0,0,4
Other,46500000.0,3456.725,20.0,SOUTH,2.5,6.0,3.0,House,5.0,0,1,0,0,1,1,0,0,0,0,0,5
"Hattiban, Lalitpur",34000000.0,1095.2,13.0,EAST,3.5,8.0,4.0,House,9.0,0,1,0,0,1,1,0,0,0,0,0,5
"Budhanilkantha, Kathmandu",28500000.0,1437.45,13.0,SOUTH-EAST,2.5,5.0,5.0,Bungalow,5.0,0,1,0,0,1,1,0,0,0,0,0,5
"Sitapaila, Kathmandu",18500000.0,1369.0,13.0,WEST,2.5,5.0,3.0,House,6.0,0,1,0,0,1,0,0,0,0,0,0,3
Other,100000000.0,5476.0,12.0,WEST,2.5,3.0,2.0,House,6.0,0,1,0,1,1,1,0,0,0,0,0,5
Other,77500000.0,2772.225,10.0,EAST,3.5,7.0,4.0,House,24.0,0,1,0,0,1,1,0,0,0,0,1,7
Other,26700000.0,1369.0,20.0,WEST,3.0,7.0,3.0,House,23.0,0,1,0,0,1,1,0,0,0,0,1,6
Other,21900000.0,1026.75,13.0,SOUTH-EAST,2.5,5.0,3.0,House,5.0,0,1,0,0,1,1,0,0,0,0,0,5
"Syuchatar, Kathmandu",22500000.0,1026.75,13.0,EAST,2.5,6.0,3.0,House,5.0,0,1,0,0,1,1,0,0,0,0,0,4
"Goldhunga, Kathmandu",13000000.0,1026.75,16.0,SOUTH,1.0,2.0,1.0,House,9.0,0,1,0,0,1,1,0,0,0,0,0,4
Other,29500000.0,1369.0,18.0,EAST,2.5,6.0,4.0,House,5.0,0,1,0,0,1,1,0,0,0,0,0,6
Other,21500000.0,1095.2,16.0,NORTH-WEST,3.5,5.0,3.0,House,6.0,0,1,0,0,1,1,0,0,0,0,0,4
Other,95000000.0,3422.5,17.5,NORTH-WEST,2.5,4.0,4.0,Bungalow,15.0,0,1,0,0,1,1,0,0,0,0,0,4
Other,18500000.0,1095.2,13.0,WEST,2.5,6.0,4.0,House,24.0,0,1,0,0,1,1,0,0,0,0,0,5
Other,16500000.0,855.625,13.0,WEST,2.5,5.0,3.0,House,5.0,0,1,0,0,1,1,0,0,0,0,0,4
Other,21000000.0,1060.9750000000001,13.0,SOUTH,2.5,4.0,4.0,House,9.0,0,1,0,0,0,1,0,0,0,0,0,3
Other,33000000.0,1197.875,13.0,NORTH,2.5,5.0,4.0,House,5.0,0,1,0,1,1,1,0,0,0,0,1,8
"Golfutar, Kathmandu",29500000.0,1745.475,12.0,EAST,2.5,6.0,3.0,House,11.0,0,1,0,0,1,1,0,0,0,0,0,5
"Sukedhara, Kathmandu",30000000.0,1369.0,12.0,SOUTH,2.5,4.0,4.0,House,6.0,0,1,0,0,1,1,0,0,0,0,0,5
Other,90000000.0,3080.25,26.0,EAST,2.5,,4.0,House,8.0,0,1,0,0,1,1,0,0,0,0,1,6
Other,30000000.0,1369.0,13.0,WEST,3.5,5.0,5.0,House,8.0,0,1,0,0,1,1,1,0,0,0,1,8
"Pasikot, Kathmandu",36000000.0,1711.25,13.0,NORTH,2.5,5.0,4.0,House,6.0,0,1,0,0,1,1,1,1,0,0,0,9
"Bhaisepati, Lalitpur",49500000.0,1813.925,16.0,NORTH-EAST,3.5,7.0,8.0,House,8.0,0,1,0,1,1,1,0,0,0,0,0,7
Other,60000000.0,3148.7,20.0,SOUTH-EAST,3.5,7.0,4.0,House,5.0,0,1,0,1,1,1,0,0,0,0,1,7
"Jyotinagar, Kathmandu",28800000.0,1403.225,16.0,UNKNOWN,2.5,,4.0,House,7.0,0,1,0,0,1,1,0,0,0,0,1,7
Other,37000000.0,1369.0,14.0,EAST,3.5,8.0,7.0,House,15.0,0,1,0,0,1,1,1,0,0,0,0,6
"Bhangal, Kathmandu",21000000.0,1095.2,13.0,UNKNOWN,2.5,,4.0,House,6.0,0,0,0,0,1,1,0,0,0,0,1,6
"Baluwakhani, Kathmandu",33500000.0,1711.25,14.0,EAST,2.5,,4.0,House,24.0,0,1,0,0,1,1,0,0,0,0,1,6
Other,24000000.0,1095.2,16.0,WEST,2.5,5.0,4.0,House,13.0,0,1,0,0,1,1,1,0,0,0,1,6
Other,29000000.0,2053.5,10.0,SOUTH-EAST,2.5,5.0,3.0,House,7.0,0,1,0,0,1,1,0,0,0,0,0,5
Other,8500000.0,1060.9750000000001,32.0,WEST,1.0,2.0,1.0,House,9.0,0,1,0,0,1,1,0,0,0,0,0,4
Other,19500000.0,1026.75,12.0,WEST,2.5,4.0,4.0,House,23.0,0,1,0,0,1,0,0,0,0,0,0,4
Other,13500000.0,1095.2,13.0,EAST,1.0,2.0,1.0,House,13.0,0,1,0,0,1,0,1,0,0,0,0,5
Other,24000000.0,1095.2,13.0,WEST,3.0,5.0,4.0,House,5.0,0,1,0,0,1,1,0,1,0,1,1,11
Other,35500000.0,1813.925,10.0,WEST,4.0,7.0,4.0,House,18.0,0,1,0,0,1,1,0,0,0,0,0,4
Other,17500000.0,1026.75,13.0,SOUTH-EAST,2.5,11.0,3.0,House,13.0,0,0,0,0,0,1,0,0,0,1,0,11
Other,67500000.0,3148.7,11.0,NORTH-EAST,4.0,8.0,6.0,House,15.0,0,0,0,0,0,0,0,0,0,1,1,11
Other,75000000.0,2772.225,14.0,EAST,3.0,6.0,8.0,House,9.0,0,1,0,1,1,1,0,0,0,0,0,5
"Lubhu, Lalitpur",29000000.0,1026.75,20.0,SOUTH,2.5,4.0,3.0,House,5.0,0,1,0,1,0,0,1,1,0,1,0,11
"Bhangal, Kathmandu",17500000.0,1026.75,13.0,NORTH-WEST,2.5,4.0,4.0,House,11.0,0,1,0,0,1,1,0,0,0,0,0,4
"Bhangal, Kathmandu",21000000.0,1095.2,20.0,NORTH,2.5,4.0,5.0,House,6.0,0,1,0,0,1,1,0,0,0,0,0,5
"Jyotinagar, Kathmandu",33500000.0,1813.925,13.0,WEST,2.5,4.0,4.0,House,8.0,0,1,0,0,1,1,0,0,0,0,0,6
"Dhapasi, Kathmandu",19500000.0,1026.75,12.0,EAST,2.5,5.0,3.0,House,12.0,0,1,0,0,1,1,0,0,0,0,0,4
"Hattiban, Lalitpur",50000000.0,1882.375,16.0,SOUTH,3.0,5.0,4.0,House,5.0,0,1,0,0,0,1,1,1,0,1,1,11
"Nakhipot, Lalitpur",60000000.0,2806.45,15.0,SOUTH-EAST,3.0,6.0,6.0,Bungalow,8.0,0,1,0,1,1,1,1,0,0,0,1,8
Other,29900000.000000004,1095.2,13.0,SOUTH-EAST,3.5,5.0,5.0,House,8.0,0,1,0,1,1,1,1,0,0,0,1,9
"Sitapaila, Kathmandu",20000000.0,1026.75,11.0,UNKNOWN,2.5,,4.0,House,9.0,0,1,0,0,1,1,0,0,0,0,0,5
"Setipakha, Lalitpur",22500000.0,1403.225,12.0,SOUTH,2.5,,4.0,House,9.0,0,1,0,0,1,0,0,0,0,0,0,4
"Jarankhu, Kathmandu",65000000.0,5476.0,12.0,WEST,2.5,5.0,3.0,Bungalow,6.0,0,1,0,1,1,1,0,0,0,0,1,7
Other,38500000.0,1369.0,18.0,NORTH,3.0,5.0,5.0,House,22.0,0,1,0,0,0,1,0,0,0,1,1,11
Other,37500000.0,2087.725,20.0,NORTH-EAST,2.5,4.0,4.0,House,9.0,0,1,0,0,1,1,0,0,0,0,0,5
"Golfutar, Kathmandu",110000000.0,3080.25,12.0,SOUTH,2.5,4.0,3.0,Bungalow,5.0,0,1,0,1,1,1,0,0,0,0,0,7
Other,55000000.0,2053.5,13.0,SOUTH-EAST,2.5,5.0,3.0,Bungalow,11.0,0,1,0,0,1,0,0,0,0,0,0,4
"Kapan, Kathmandu",25000000.0,1026.75,10.0,NORTH-EAST,4.0,,4.0,House,12.0,0,1,0,0,1,0,0,1,0,0,1,10
Other,13500000.0,1026.75,13.0,EAST,1.0,2.0,1.0,House,8.0,0,1,0,0,1,1,1,0,0,0,0,7
Other,8000000.0,2916.0,20.0,NORTH,1.0,2.0,2.0,House,11.0,0,1,0,0,1,1,0,0,0,0,0,5
"Bafal, Kathmandu",70000000.0,3148.7,13.0,EAST,2.5,3.0,4.0,House,23.0,0,1,0,0,1,1,0,0,0,0,0,7
"Baluwatar, Kathmandu",40000000.0,1060.9750000000001,14.0,EAST,5.0,3.0,5.0,House,7.0,0,1,0,0,1,1,0,0,0,0,0,6
Other,22500000.0,1095.2,20.0,NORTH-WEST,3.0,7.0,3.0,House,14.0,0,1,0,0,1,1,1,1,0,0,1,9
Other,65000000.0,2395.75,15.0,NORTH,2.5,,4.0,House,9.0,0,0,0,0,1,1,0,0,0,0,0,3
Other,29000000.0,1711.25,15.0,SOUTH,2.5,4.0,4.0,House,11.0,0,1,0,0,1,1,0,1,0,0,0,6
"Baluwakhani, Kathmandu",26000000.0,1437.45,15.0,NORTH,2.5,5.0,4.0,House,6.0,0,1,0,0,1,1,0,0,0,0,0,5
Other,33000000.0,1813.925,13.0,SOUTH,2.5,3.0,3.0,House,8.0,0,1,0,0,1,1,0,0,0,0,0,4
"Mandikhatar, Kathmandu",21000000.0,1026.75,13.0,NORTH,2.5,6.0,5.0,House,12.0,0,1,0,0,1,1,0,0,0,0,0,4
"Bhangal, Kathmandu",23500000.0,1369.0,16.0,EAST,2.5,4.0,4.0,House,8.0,0,1,0,0,1,1,0,0,0,0,0,5
"Kapan, Kathmandu",11200000.000000002,1026.75,10.0,EAST,1.0,2.0,1.0,House,11.0,0,1,0,0,1,1,0,0,0,0,0,4
"Bhangal, Kathmandu",13500000.0,1095.2,13.0,NORTH-WEST,1.0,2.0,1.0,House,23.0,0,1,0,0,1,1,0,0,0,0,0,3
"Sukedhara, Kathmandu",17000000.0,752.95,13.0,NORTH,2.5,4.0,4.0,House,7.0,0,1,0,0,1,0,1,0,0,0,0,6
"Lubhu, Lalitpur",15000000.0,1060.9750000000001,11.0,SOUTH,2.5,5.0,3.0,House,14.0,0,1,0,0,1,0,0,0,0,0,0,3
Other,37500000.0,1197.875,26.0,NORTH-EAST,4.0,5.0,4.0,House,6.0,0,1,0,0,1,1,1,0,0,0,0,6
Other,39000000.0,1711.25,18.0,NORTH,2.5,6.0,8.0,Villa,12.0,0,1,0,1,1,1,0,0,0,0,0,6
Other,19000000.0,1369.0,10.0,NORTH,2.5,5.0,3.0,House,12.0,0,1,0,0,1,1,0,0,0,0,0,4
Other,22000000.0,1437.45,12.0,EAST,2.5,6.0,4.0,House,6.0,0,1,0,1,0,0,1,1,0,1,0,11
"Ganesh Chowk, Kathmandu",32500000.0,1437.45,13.0,SOUTH,2.5,4.0,4.0,Bungalow,8.0,0,1,0,0,1,1,0,0,0,0,0,5
Other,28000000.0,1711.25,10.0,EAST,3.0,7.0,5.0,House,5.0,0,1,0,0,1,1,0,0,0,0,0,4
"Thankot, Kathmandu",16500000.0,1369.0,13.0,NORTH,2.5,4.0,4.0,House,5.0,0,1,0,0,1,1,0,0,0,0,0,4
"Hattiban, Lalitpur",32500000.0,1095.2,20.0,WEST,2.5,3.0,3.0,House,5.0,0,1,0,0,1,0,0,0,0,0,0,4
Other,60000000.0,2395.75,10.0,SOUTH,5.0,9.0,7.0,House,6.0,0,1,0,0,1,1,0,0,0,0,0,4
Other,15500000.0,1026.75,18.0,NORTH,2.0,6.0,3.0,House,15.0,0,1,0,0,1,1,0,0,0,0,0,5
"Goldhunga, Kathmandu",15000000.0,1026.75,13.0,SOUTH,2.0,5.0,4.0,House,18.0,0,1,0,0,1,1,0,0,0,0,0,4
"Pasikot, Kathmandu",75000000.0,4107.0,12.0,NORTH,2.0,3.0,3.0,Bungalow,8.0,0,1,0,0,1,1,0,0,0,0,0,5
"Pasikot, Kathmandu",60000000.0,3080.25,16.0,EAST,3.5,6.0,5.0,Bungalow,5.0,0,1,0,0,1,1,0,0,0,0,0,4
Other,27500000.0,752.95,12.0,EAST,2.5,6.0,4.0,House,5.0,0,0,0,0,1,0,0,0,0,0,0,3
"Bhangal, Kathmandu",22000000.0,1403.225,13.0,NORTH-WEST,2.5,5.0,4.0,House,8.0,0,1,0,0,1,1,0,0,0,0,1,6
Other,25000000.0,1369.0,13.0,EAST,2.5,6.0,3.0,House,5.0,0,1,0,0,1,1,0,0,0,0,1,6
Other,45000000.0,3080.25,10.0,EAST,2.5,7.0,4.0,House,6.0,0,1,0,1,0,0,1,0,0,1,1,11
"Sundarbasti, Kathmandu",20000000.0,1095.2,12.0,SOUTH,2.5,6.0,3.0,House,12.0,0,1,0,0,1,0,0,0,0,0,0,5
"Imadol, Lalitpur",21000000.0,1026.75,20.0,EAST,2.5,5.0,4.0,House,8.0,0,1,0,0,1,0,0,0,0,0,0,4
Other,44000000.0,1711.25,12.0,NORTH-WEST,2.5,5.0,4.0,House,5.0,0,1,0,0,1,1,0,0,0,0,1,6
"Bhaisepati, Lalitpur",40000000.0,1369.0,16.0,NORTH,2.5,3.0,3.0,House,5.0,0,1,0,0,1,1,0,0,0,0,1,8
"Bhaisepati, Lalitpur",36000000.0,1711.25,15.0,EAST,2.5,4.0,4.0,House,25.0,0,1,0,0,1,0,0,0,0,0,1,6
Other,25000000.0,1369.0,14.0,EAST,4.0,7.0,4.0,House,8.0,0,1,0,1,1,1,1,0,0,0,1,10
"Imadol, Lalitpur",18000000.0,787.175,13.0,NORTH,2.5,4.0,3.0,House,5.0,0,1,0,1,1,0,0,0,0,0,0,6
Other,40000000.0,2395.75,13.0,NORTH-EAST,2.5,4.0,4.0,House,5.0,0,1,0,1,1,1,0,0,0,0,0,6
"Imadol, Lalitpur",23500000.0,1095.2,16.0,EAST,2.5,6.0,4.0,House,9.0,0,1,0,1,1,0,0,0,0,0,0,6
"Banasthali, Kathmandu",70000000.0,3764.75,20.0,EAST,2.5,4.0,5.0,Bungalow,5.0,0,1,0,0,1,1,0,0,0,0,0,5
Other,65000000.0,2464.2000000000003,16.0,NORTH,2.5,4.0,4.0,Bungalow,15.0,0,1,0,1,1,1,0,0,0,0,0,6
Other,62500000.0,3422.5,12.0,NORTH-EAST,2.5,5.0,3.0,Bungalow,6.0,0,1,0,0,1,1,0,0,0,0,0,4
Other,34000000.0,1369.0,16.0,WEST,2.5,4.0,3.0,House,5.0,0,1,0,0,1,1,0,0,0,0,1,7
"Bhaisepati, Lalitpur",24500000.0,1095.2,13.0,NORTH,2.5,4.0,5.0,House,9.0,0,1,0,0,1,1,0,0,0,0,0,5
"Hattiban, Lalitpur",26000000.0,2087.725,15.0,SOUTH,2.5,8.0,3.0,House,5.0,0,1,0,0,1,1,0,0,0,0,0,4
Other,24000000.0,1026.75,13.0,SOUTH-WEST,2.5,6.0,3.0,House,5.0,0,1,0,0,1,1,0,0,0,0,0,4
Other,49000000.0,2395.75,12.0,NORTH,2.5,6.0,3.0,House,5.0,0,1,0,0,1,0,0,0,0,0,0,3
"Bhangal, Kathmandu",18500000.0,1060.9750000000001,13.0,NORTH-WEST,2.5,5.0,3.0,House,9.0,0,1,0,0,1,1,0,0,0,0,0,5
"Sundarbasti, Kathmandu",20000000.0,1060.9750000000001,13.0,NORTH,2.5,5.0,5.0,House,12.0,0,1,0,0,1,1,0,0,0,0,0,5
Other,35000000.0,1026.75,17.0,EAST,3.0,5.0,4.0,Bungalow,21.0,0,1,0,1,1,0,1,1,0,0,1,10
Other,22000000.0,1403.225,13.0,SOUTH,2.5,5.0,3.0,House,6.0,0,1,0,1,0,1,1,0,0,0,0,7
"Bansbari, Kathmandu",52000000.0,2464.2000000000003,20.0,WEST,2.5,6.0,3.0,House,7.0,0,0,0,1,1,1,0,0,0,0,0,4
Other,80000000.0,5886.7,9.0,SOUTH-WEST,3.5,9.0,4.0,House,7.0,0,1,0,1,1,1,0,0,0,0,0,6
Other,60000000.0,3114.475,40.0,NORTH,2.5,,4.0,House,9.0,0,1,0,0,1,0,0,0,0,0,0,3
Other,19000000.0,1437.45,12.5,NORTH-WEST,3.0,8.0,3.0,House,5.0,0,1,0,0,1,1,0,0,0,0,0,4
Other,25000000.0,2053.5,20.0,NORTH,2.5,4.0,4.0,House,21.0,0,1,0,0,1,1,0,0,0,0,0,4
Other,25000000.0,1369.0,20.0,SOUTH-EAST,3.5,12.0,4.0,House,5.0,0,0,0,0,1,1,0,0,0,0,0,4
Other,29800000.0,1403.225,13.0,SOUTH-WEST,2.5,7.0,4.0,House,5.0,0,1,0,1,1,1,0,0,0,0,1,7
"Kusunti, Lalitpur",31000000.0,1471.675,20.0,SOUTH-EAST,2.5,4.0,4.0,House,18.0,0,1,0,1,1,1,0,0,0,0,0,6
Other,32000000.0,1437.45,20.0,WEST,3.0,8.0,6.0,House,7.0,0,1,0,0,1,1,0,0,0,0,0,5
"Sitapaila, Kathmandu",27000000.0,1095.2,20.0,SOUTH,2.5,4.0,4.0,House,5.0,0,1,0,1,1,1,0,0,0,0,1,11
Other,27000000.0,1471.675,20.0,EAST,2.5,4.0,4.0,Bungalow,6.0,0,1,0,0,1,0,0,0,0,0,0,3
"Imadol, Lalitpur",23000000.0,1369.0,13.0,SOUTH-EAST,3.5,6.0,4.0,House,7.0,0,1,0,0,1,0,0,0,0,0,0,4
"Pasikot, Kathmandu",38000000.0,1711.25,15.0,EAST,2.5,4.0,4.0,House,21.0,0,1,0,0,1,1,1,0,0,0,0,5
"Nakkhu, Lalitpur",23000000.0,1026.75,13.0,WEST,2.5,3.0,3.0,House,5.0,0,1,0,1,1,1,0,0,0,0,0,7
"Golfutar, Kathmandu",16000000.0,1369.0,13.0,SOUTH-EAST,1.0,3.0,1.0,House,9.0,0,1,0,0,1,1,0,0,0,0,0,5
"Nakkhu, Lalitpur",30000000.0,1369.0,14.0,SOUTH,2.5,4.0,4.0,House,5.0,0,1,0,1,1,1,0,0,0,0,0,6
"Jarankhu, Kathmandu",65000000.0,5476.0,12.0,WEST,2.5,5.0,3.0,Bungalow,6.0,0,1,0,1,1,1,0,0,0,0,1,6
"Sundarbasti, Kathmandu",25000000.0,1369.0,12.0,SOUTH-EAST,2.5,4.0,2.0,House,21.0,0,0,0,0,1,1,0,0,0,0,0,4
"Bhaisepati, Lalitpur",42500000.0,1711.25,12.5,NORTH,2.5,4.0,5.0,Bungalow,5.0,0,1,0,1,1,1,0,0,0,0,0,8
"Kusunti, Lalitpur",27500000.0,1369.0,15.0,SOUTH,2.5,5.0,3.0,House,9.0,0,1,0,0,1,1,0,0,0,0,0,5
"Bhaisepati, Lalitpur",36000000.0,1711.25,13.0,SOUTH,2.5,4.0,4.0,House,19.0,0,1,0,1,1,1,0,0,0,0,1,8
"Nakkhu, Lalitpur",23000000.0,1026.75,13.0,NORTH,2.5,3.0,3.0,House,29.0,0,1,0,0,1,1,0,0,0,0,0,7
"Dhapakhel, Lalitpur",29000000.0,1369.0,20.0,SOUTH,2.5,7.0,5.0,House,9.0,0,1,0,1,0,1,0,0,0,0,0,6
"Thankot, Kathmandu",13500000.0,1095.2,13.0,EAST,2.5,,4.0,House,9.0,0,1,0,0,1,1,0,0,0,0,0,4
"Imadol, Lalitpur",25000000.0,1779.7,13.0,WEST,2.5,7.0,3.0,House,15.0,0,1,0,0,1,1,0,0,0,0,0,4
Other,34000000.0,2087.725,15.0,WEST,3.5,10.0,4.0,House,6.0,0,1,0,1,1,1,1,0,0,0,1,9
"Sukedhara, Kathmandu",28000000.0,1060.9750000000001,25.0,WEST,4.0,10.0,3.0,House,5.0,0,1,0,0,1,1,0,0,0,0,0,5
"Imadol, Lalitpur",29500000.0,1813.925,16.0,EAST,2.5,6.0,4.0,House,5.0,0,1,0,1,1,1,0,0,0,0,0,7
"Bhaisepati, Lalitpur",33500000.0,1711.25,13.0,SOUTH-WEST,2.5,5.0,3.0,House,9.0,0,1,0,0,1,1,0,0,0,0,0,5
"Ganesh Chowk, Kathmandu",22500000.0,1369.0,12.0,EAST,2.5,,4.0,House,5.0,0,1,0,0,1,1,0,0,0,0,0,6
"Dhapasi, Kathmandu",37500000.0,1369.0,13.0,NORTH-EAST,2.5,5.0,4.0,House,5.0,0,1,0,0,1,1,0,0,0,0,1,7
"Sukedhara, Kathmandu",45000000.0,2121.9500000000003,12.0,EAST,2.5,,4.0,Bungalow,5.0,0,1,0,0,1,1,0,0,0,0,0,6
"Lubhu, Lalitpur",19500000.0,1095.2,14.0,EAST,2.5,,4.0,House,9.0,0,0,0,0,1,1,0,0,0,0,0,5
Other,25000000.0,1369.0,13.0,SOUTH-WEST,2.5,6.0,3.0,House,21.0,0,0,0,0,1,1,1,1,0,0,1,7
Other,16000000.0,1129.425,8.0,EAST,2.5,5.0,3.0,House,11.0,0,1,0,0,1,1,0,0,0,0,1,6
Other,27500000.0,1369.0,13.0,NORTH,2.5,5.0,6.0,House,5.0,0,1,0,0,1,1,0,0,0,0,0,5
"Sukedhara, Kathmandu",16000000.0,787.175,13.0,NORTH,2.5,5.0,3.0,House,5.0,0,1,0,0,1,1,0,0,0,0,0,4
"Kapan, Kathmandu",11800000.0,1026.75,15.0,WEST,1.0,,4.0,House,15.0,0,1,0,0,1,1,0,0,0,0,0,4
"Mulpani, Kathmandu",14000000.0,1026.75,8.0,WEST,2.5,5.0,3.0,House,21.0,0,1,0,0,1,0,1,0,0,0,0,6
Other,60000000.0,2395.75,15.0,WEST,2.5,5.0,6.0,Bungalow,15.0,0,1,0,1,1,1,1,0,0,0,0,7
"Mandikhatar, Kathmandu",57500000.0,3148.7,15.0,EAST,2.5,4.0,4.0,Bungalow,5.0,0,1,0,1,1,1,0,0,0,0,0,6
"Sukedhara, Kathmandu",27000000.0,1369.0,13.0,SOUTH,2.5,,4.0,House,9.0,0,1,0,0,1,1,1,0,0,0,0,6
Other,18000000.0,821.4,18.0,WEST,2.5,4.0,3.0,House,5.0,0,1,0,0,1,1,1,1,0,0,0,9
"Kapan, Kathmandu",31000000.0,1711.25,13.0,WEST,2.5,,4.0,House,5.0,0,1,0,0,1,1,0,0,0,0,0,4
"Bhaisepati, Lalitpur",57500000.0,1779.7,19.0,SOUTH,2.5,5.0,4.0,House,5.0,0,1,0,1,1,1,0,0,0,0,1,11
Other,27500000.0,1813.925,12.0,SOUTH,3.5,7.0,5.0,House,19.0,0,1,0,0,1,1,0,0,0,0,0,4
"Nakhipot, Lalitpur",23500000.0,1060.9750000000001,15.0,EAST,2.5,4.0,4.0,House,29.0,0,1,0,1,1,1,0,0,0,0,0,7
Other,32500000.0,1369.0,22.0,NORTH,2.5,3.0,4.0,Bungalow,9.0,0,1,0,1,1,1,0,0,0,0,0,6
"Sitapaila, Kathmandu",21500000.0,1095.2,13.0,EAST,2.5,,4.0,House,9.0,0,1,0,0,1,1,0,0,0,0,0,5
"Sukedhara, Kathmandu",40000000.0,1779.7,14.0,WEST,2.5,,4.0,House,15.0,0,1,0,1,1,1,1,1,0,0,1,10
"Dhapasi, Kathmandu",30000000.0,1369.0,28.0,SOUTH-WEST,3.0,5.0,5.0,House,6.0,0,1,0,0,1,1,0,0,0,0,0,5
"Deuwa Chowk, Kathmandu",47000000.0,2053.5,15.0,NORTH,2.5,4.0,5.0,Bungalow,5.0,0,1,0,1,1,1,0,0,0,0,1,8
Other,42500000.0,2464.2000000000003,12.0,EAST,3.5,14.0,7.0,House,5.0,0,1,0,0,1,0,0,0,0,0,1,4
"Khumaltar, Lalitpur",28500000.0,1711.25,13.0,NORTH-EAST,2.5,4.0,5.0,House,9.0,0,1,0,0,1,1,0,0,0,0,0,4
"Rudreshwor, Kathmandu",26000000.0,1745.475,16.0,SOUTH,2.5,,4.0,House,21.0,0,0,0,0,1,1,0,0,0,0,0,3
Other,28500000.0,1711.25,16.0,NORTH,2.5,6.0,4.0,House,6.0,0,1,0,0,1,1,0,0,0,0,0,6
Other,22500000.0,752.95,13.0,EAST,2.5,6.0,3.0,House,11.0,0,0,0,0,1,1,0,0,0,0,0,3
Other,31000000.0,1437.45,14.0,NORTH,2.5,4.0,3.0,House,10.0,0,1,0,0,1,1,0,0,0,0,0,5
Other,85000000.0,4175.45,12.0,EAST,2.5,5.0,5.0,House,6.0,0,1,0,1,1,1,0,0,0,0,0,6
"Setipakha, Lalitpur",22500000.0,1403.225,12.0,EAST,2.5,5.0,3.0,House,9.0,0,1,0,0,1,1,0,0,0,0,1,6
Other,15500000.0,1026.75,13.0,WEST,2.5,4.0,4.0,House,11.0,0,1,0,0,1,1,0,0,0,0,0,5
"Hattigaunda, Kathmandu",32500000.0,1369.0,15.0,EAST,2.5,5.0,5.0,Bungalow,10.0,0,1,0,1,1,1,0,0,0,0,0,6
"Budhanilkantha, Kathmandu",100000000.0,4107.0,13.0,WEST,3.5,6.0,8.0,Bungalow,11.0,0,1,0,1,1,1,0,0,0,0,0,7
Other,45000000.0,1437.45,16.0,EAST,2.5,6.0,4.0,House,11.0,0,1,0,0,1,0,0,0,0,0,0,3
Other,28500000.0,3422.5,15.0,WEST,3.0,6.0,4.0,House,10.0,0,0,0,0,1,1,0,0,0,0,0,3
"Sanepa, Lalitpur",68000000.0,2738.0,10.0,SOUTH-EAST,2.5,6.0,6.0,House,11.0,0,1,0,1,1,1,0,0,0,0,0,6
Other,29700000.000000004,1403.225,16.0,UNKNOWN,2.5,,4.0,House,10.0,0,1,0,0,1,1,1,0,0,0,1,8
Other,72500000.0,5476.0,12.0,NORTH,2.5,5.0,6.0,House,5.0,0,1,0,1,1,1,0,0,0,0,0,6
"Hattiban, Lalitpur",28700000.0,1403.225,13.0,SOUTH,3.0,6.0,6.0,House,5.0,0,1,0,0,1,1,1,1,0,0,0,10
Other,92000000.0,4107.0,20.0,SOUTH-WEST,3.5,7.0,6.0,House,18.0,0,1,0,0,1,1,0,0,0,0,0,4
"Bhangal, Kathmandu",69000000.0,2806.45,13.0,EAST,2.5,,4.0,Bungalow,7.0,0,1,0,0,1,1,0,0,0,0,0,6
"Bhangal, Kathmandu",29800000.0,1711.25,12.0,SOUTH,2.5,,4.0,House,6.0,0,1,0,0,1,1,1,0,0,0,0,7
Other,3800000.0,1250.0,30.0,WEST,2.5,3.0,1.0,House,18.0,0,0,0,1,1,1,1,1,0,1,0,11
"Ganesh Chowk, Kathmandu",32000000.0,1369.0,15.0,SOUTH,2.5,4.0,4.0,House,6.0,0,1,0,1,1,1,0,0,0,0,0,7
Other,24500000.0,1060.9750000000001,21.0,NORTH-EAST,2.0,3.0,2.0,Bungalow,12.0,0,1,0,0,1,1,0,1,0,0,1,8
"Ganesh Chowk, Kathmandu",35000000.0,1711.25,13.0,SOUTH,2.5,,5.0,House,21.0,0,1,0,0,1,1,0,0,0,0,0,5
"Budhanilkantha, Kathmandu",59000000.0,2395.75,15.0,NORTH,2.5,4.0,7.0,Bungalow,12.0,0,1,0,1,1,1,0,0,0,0,0,6
"Nakkhu, Lalitpur",33000000.0,1403.225,15.0,SOUTH-WEST,2.5,4.0,4.0,House,15.0,0,1,0,1,1,1,0,0,0,0,0,8
"Kusunti, Lalitpur",27000000.0,1369.0,15.0,SOUTH,2.5,5.0,3.0,House,21.0,0,1,0,0,1,1,1,0,0,0,0,7
"Kusunti, Lalitpur",24000000.0,1095.2,15.0,SOUTH,2.5,4.0,3.0,House,6.0,0,1,0,0,1,1,0,0,0,0,0,6
"Baluwakhani, Kathmandu",23500000.0,1095.2,15.0,NORTH,2.5,,4.0,House,12.0,0,1,0,0,1,1,0,0,0,0,1,6
"Sukedhara, Kathmandu",35000000.0,1711.25,13.0,NORTH,2.5,,4.0,Bungalow,15.0,0,1,0,0,1,1,1,0,0,0,0,8
"Mulpani, Kathmandu",29500000.0,1437.45,12.0,WEST,3.0,8.0,6.0,House,7.0,0,1,0,0,1,1,0,0,0,0,0,4
Other,27000000.0,1369.0,11.0,SOUTH,4.5,8.0,4.0,House,11.0,0,1,0,0,1,0,0,0,0,0,0,3
"Golfutar, Kathmandu",28000000.0,1369.0,18.0,EAST,2.5,6.0,4.0,House,15.0,0,1,0,0,1,1,0,0,0,0,1,6
"Bhaisepati, Lalitpur",19900000.0,1060.9750000000001,18.0,NORTH-WEST,2.5,4.0,4.0,House,21.0,0,1,0,0,1,1,0,0,0,0,0,5
"Syuchatar, Kathmandu",25000000.0,1711.25,16.0,EAST,2.5,4.0,3.0,House,12.0,0,1,0,0,1,1,0,0,0,0,0,4
"Ganesh Chowk, Kathmandu",35000000.0,1711.25,13.0,SOUTH,2.5,5.0,5.0,Bungalow,21.0,0,1,0,0,1,1,0,0,0,0,0,5
"Ganesh Chowk, Kathmandu",32000000.0,1437.45,15.0,SOUTH-WEST,2.5,5.0,5.0,House,9.0,0,1,0,0,1,1,0,0,0,0,0,5
Other,23000000.0,1095.2,15.0,NORTH,2.5,3.0,4.0,Bungalow,13.0,0,1,0,0,1,1,0,0,0,0,0,5
"Narayanthan, Kathmandu",55000000.0,2464.2000000000003,13.0,NORTH-EAST,2.5,4.0,5.0,Bungalow,23.0,0,1,0,1,1,1,0,0,0,0,0,5
"Narayanthan, Kathmandu",35000000.0,1369.0,13.0,NORTH-EAST,2.5,5.0,5.0,Bungalow,6.0,0,1,0,1,1,1,0,0,0,0,0,5
"Nakkhu, Lalitpur",23500000.0,1026.75,20.0,EAST,2.5,4.0,5.0,House,9.0,0,1,0,1,1,1,0,0,0,0,0,7
"Nakkhu, Lalitpur",23000000.0,1026.75,16.0,SOUTH,2.5,4.0,3.0,House,7.0,0,1,0,1,1,1,0,0,0,0,0,6
"Imadol, Lalitpur",19500000.0,1026.75,15.0,UNKNOWN,2.5,,4.0,House,15.0,0,1,0,0,1,1,0,0,0,0,0,4
"Bhaisepati, Lalitpur",28000000.0,1471.675,16.0,EAST,2.5,4.0,4.0,House,21.0,0,1,0,1,1,1,0,0,0,0,1,9
"Kusunti, Lalitpur",23500000.0,1060.9750000000001,15.0,NORTH-WEST,2.5,4.0,4.0,House,6.0,0,1,0,0,1,1,0,0,0,0,0,6
Other,40000000.0,1369.0,13.0,WEST,2.5,7.0,3.0,House,25.0,0,0,0,0,0,0,1,0,0,1,1,11
"Dhapasi, Kathmandu",28000000.0,1437.45,13.0,SOUTH-EAST,2.5,,4.0,House,15.0,0,1,0,0,1,1,0,0,0,0,0,5
Other,23000000.0,1095.2,12.0,EAST,2.5,,4.0,House,21.0,0,1,0,0,1,1,0,0,0,0,0,5
"Hattiban, Lalitpur",21500000.0,1369.0,12.0,EAST,2.5,6.0,4.0,House,12.0,0,1,0,0,1,1,0,0,0,0,0,4
"Gothatar, Kathmandu",40000000.0,2053.5,20.0,SOUTH-WEST,2.5,4.0,3.0,House,15.0,0,1,0,0,1,1,0,0,0,0,0,5
"Imadol, Lalitpur",21000000.0,1026.75,15.0,UNKNOWN,3.5,,4.0,House,11.0,0,1,0,0,1,1,0,0,0,0,0,4
"Syuchatar, Kathmandu",20500000.0,1026.75,13.0,SOUTH,2.5,6.0,3.0,House,15.0,0,1,0,0,1,1,0,0,0,0,0,4
"Budhanilkantha, Kathmandu",45000000.0,2395.75,20.0,EAST,2.5,5.0,4.0,Bungalow,21.0,0,1,0,1,1,1,0,0,0,0,0,7
Other,23000000.0,1369.0,13.0,NORTH-WEST,2.5,4.0,4.0,House,6.0,0,1,0,0,1,1,0,0,0,0,0,5
"Mandikhatar, Kathmandu",45000000.0,1711.25,18.0,EAST,2.5,6.0,4.0,Bungalow,12.0,0,1,0,1,1,1,0,0,0,0,1,7
"Bhaisepati, Lalitpur",24000000.0,1026.75,13.5,WEST,2.5,4.0,3.0,House,21.0,0,1,0,0,1,1,0,0,0,0,0,6
"Nakkhu, Lalitpur",32500000.0,1369.0,14.5,SOUTH-WEST,3.0,7.0,4.0,House,12.0,0,1,0,0,1,1,0,0,0,0,1,6
"Nakhipot, Lalitpur",80000000.0,2395.75,20.0,WEST,3.0,8.0,6.0,Bungalow,15.0,0,1,0,1,1,1,0,0,0,0,0,5
Other,10500000.0,1026.75,10.0,EAST,1.0,2.0,1.0,House,21.0,0,1,0,0,1,1,0,0,0,0,0,4
"Hattiban, Lalitpur",21100000.0,1369.0,13.0,SOUTH,2.0,3.0,3.0,House,6.0,0,1,0,0,1,1,0,0,0,0,0,5
Other,14000000.0,1095.2,13.0,EAST,2.5,3.0,2.0,House,12.0,0,1,0,0,0,1,1,0,0,0,0,6
Other,27500000.0,1437.45,18.0,EAST,2.5,3.0,4.0,House,15.0,0,1,0,1,1,1,0,0,0,0,0,6
"Thaiba, Lalitpur",48500000.0,2053.5,20.0,NORTH-EAST,2.5,4.0,4.0,House,11.0,0,1,0,1,1,1,0,0,0,0,0,8
Other,130000000.0,5476.0,15.0,SOUTH-EAST,2.5,4.0,5.0,Bungalow,15.0,0,1,0,1,1,1,0,0,0,0,0,6
Other,38500000.0,2053.5,13.0,WEST,2.5,6.0,4.0,House,12.0,0,1,0,1,1,1,1,0,0,0,1,7
Other,18500000.0,1745.475,12.0,SOUTH,2.5,7.0,3.0,House,15.0,0,1,0,0,1,1,0,0,0,0,0,5
"Sitapaila, Kathmandu",70000000.0,2224.625,14.0,SOUTH,2.0,5.0,3.0,Bungalow,21.0,0,1,0,0,1,1,0,0,0,0,0,5
Other,46000000.0,2053.5,18.0,NORTH,2.0,5.0,3.0,Bungalow,9.0,0,1,0,1,1,1,0,0,0,0,0,6
"Budhanilkantha, Kathmandu",115000000.0,2943.35,13.0,SOUTH,2.5,7.0,5.0,Bungalow,13.0,0,1,0,1,1,1,0,0,0,0,0,6
"Bhaisepati, Lalitpur",37500000.0,1369.0,16.0,NORTH-WEST,2.5,6.0,6.0,Bungalow,23.0,0,1,0,1,1,1,0,0,0,0,0,6
"Imadol, Lalitpur",24000000.0,1369.0,18.0,EAST,2.5,4.0,4.0,House,6.0,0,1,0,0,1,1,1,0,0,0,0,5
"Narayanthan, Kathmandu",80000000.0,3764.75,14.0,SOUTH-EAST,2.5,6.0,3.0,Bungalow,7.0,0,1,0,1,1,1,0,0,0,0,0,6
"Naxal, Kathmandu",135000000.0,5818.25,16.0,SOUTH,2.5,5.0,5.0,Bungalow,23.0,0,1,0,1,1,1,0,0,0,0,0,6
"Dhapasi, Kathmandu",33000000.0,2053.5,20.0,SOUTH,2.5,6.0,4.0,House,31.0,0,1,0,0,1,1,0,0,0,0,0,5
"Hepali Height, Kathmandu",33000000.0,1369.0,14.0,NORTH,2.5,6.0,4.0,Bungalow,29.0,0,1,0,0,1,1,0,0,0,0,0,5
"Sitapaila, Kathmandu",24000000.0,1437.45,16.0,NORTH,2.5,4.0,4.0,House,7.0,0,1,0,0,1,1,0,0,0,0,1,6
"Bafal, Kathmandu",46000000.0,1779.7,16.5,SOUTH,3.5,7.0,4.0,House,9.0,0,0,0,0,1,1,0,0,0,0,0,3
Other,17000000.0,752.95,12.0,NORTH-EAST,3.5,6.0,5.0,House,13.0,0,1,0,0,1,1,0,0,0,0,0,4
Other,32500000.0,1369.0,20.0,WEST,2.5,4.0,5.0,House,23.0,0,1,0,1,1,1,0,0,0,0,0,7
Other,30000000.0,2053.5,12.0,SOUTH-EAST,2.5,,4.0,House,24.0,0,1,0,0,1,1,0,0,0,0,0,5
"Syuchatar, Kathmandu",29500000.0,1369.0,20.0,NORTH,3.5,7.0,4.0,House,23.0,0,1,0,0,1,1,0,0,0,0,0,4
"Hattiban, Lalitpur",26500000.0,1369.0,20.0,SOUTH-EAST,2.5,,4.0,House,13.0,0,1,0,0,1,1,0,0,0,0,0,4
"Mulpani, Kathmandu",22500000.0,1403.225,14.0,SOUTH-EAST,3.0,4.0,5.0,House,8.0,0,1,0,0,1,1,0,0,0,0,0,5
"Narayanthan, Kathmandu",45000000.0,2053.5,19.0,WEST,2.0,4.0,4.0,Bungalow,7.0,0,1,0,0,1,1,0,0,0,0,0,5
"Bhaisepati, Lalitpur",28500000.0,1369.0,19.0,SOUTH-EAST,2.5,4.0,4.0,House,25.0,0,1,0,1,1,0,0,0,0,0,0,5
"Bhaisepati, Lalitpur",25000000.0,1095.2,20.0,NORTH,2.5,4.0,4.0,House,23.0,0,1,0,1,1,0,0,0,0,0,0,6
"Budhanilkantha, Kathmandu",80000000.0,2224.625,15.0,NORTH,2.0,4.0,4.0,Bungalow,9.0,0,1,0,1,1,1,0,0,0,0,0,7
"Budhanilkantha, Kathmandu",47000000.0,2053.5,15.0,SOUTH-WEST,2.5,5.0,4.0,House,7.0,0,1,0,1,1,1,0,0,0,0,0,7
Other,27200000.000000004,1437.45,13.0,SOUTH-WEST,2.5,6.0,3.0,House,7.0,0,1,0,1,1,1,0,0,0,0,0,7
Other,35000000.0,1369.0,15.5,WEST,2.5,4.0,4.0,House,31.0,0,1,0,1,1,1,0,0,0,0,0,6
"Sukedhara, Kathmandu",40000000.0,2053.5,12.0,WEST,2.5,5.0,3.0,Bungalow,23.0,0,1,0,1,1,1,0,0,0,0,0,6
Other,62500000.0,1882.375,12.0,EAST,3.0,7.0,4.0,House,31.0,0,1,0,0,1,1,1,0,0,0,0,5
Other,26000000.0,1095.2,12.0,SOUTH,3.0,7.0,4.0,House,11.0,0,1,0,0,1,1,0,0,0,0,0,5
Other,22500000.0,752.95,19.0,EAST,2.5,5.0,4.0,House,13.0,0,0,0,0,1,0,0,0,0,0,0,2
"Thankot, Kathmandu",16000000.0,1437.45,13.0,WEST,2.5,4.0,4.0,House,13.0,0,1,0,0,1,1,1,0,0,0,0,5
Other,16500000.0,1060.9750000000001,13.0,WEST,2.5,4.0,4.0,House,24.0,0,1,0,0,1,1,0,0,0,0,0,4
"Imadol, Lalitpur",17000000.0,752.95,13.0,EAST,2.5,3.0,3.0,House,23.0,0,1,0,0,1,1,1,0,0,0,0,5
"Golfutar, Kathmandu",40000000.0,1779.7,13.0,SOUTH,3.0,5.0,5.0,Bungalow,13.0,0,1,0,0,1,1,0,0,0,0,0,5
"Gwarko, Lalitpur",19500000.0,1369.0,15.0,NORTH-WEST,2.0,5.0,3.0,House,6.0,0,1,0,0,1,1,1,1,0,0,0,10
"Golfutar, Kathmandu",37000000.0,1369.0,20.0,SOUTH-EAST,2.5,5.0,4.0,House,8.0,0,1,0,1,1,1,0,0,0,0,0,7
"Thankot, Kathmandu",15000000.0,1026.75,13.0,EAST,2.5,4.0,4.0,House,18.0,0,1,0,0,1,1,1,0,0,0,0,7
"Dhapasi, Kathmandu",28500000.0,1369.0,13.0,NORTH,2.5,5.0,4.0,House,15.0,0,1,0,0,1,0,0,0,0,0,1,5
"Imadol, Lalitpur",19000000.0,1095.2,13.0,NORTH,2.5,4.0,4.0,House,7.0,0,1,0,0,1,0,0,0,0,0,0,4
"Dhapasi, Kathmandu",32000000.0,1711.25,13.0,EAST,2.5,3.0,3.0,House,7.0,0,1,0,0,1,1,0,0,0,0,0,5
"Rudreshwor, Kathmandu",42000000.0,2464.2000000000003,14.0,SOUTH,2.5,5.0,5.0,House,7.0,0,1,0,0,1,1,0,0,0,0,0,5
"Narayanthan, Kathmandu",47500000.0,2053.5,18.0,SOUTH,2.5,5.0,6.0,House,9.0,0,1,0,0,1,0,0,0,0,0,0,4
"Deuwa Chowk, Kathmandu",32500000.0,1403.225,14.0,SOUTH-WEST,2.5,5.0,5.0,House,7.0,0,1,0,0,1,1,0,0,0,0,0,4
"Pepsicola, Kathmandu",33000000.0,1129.425,20.0,SOUTH-EAST,2.5,4.0,3.0,House,7.0,0,1,0,0,1,1,1,1,0,0,0,8
"Baluwatar, Kathmandu",55000000.0,1711.25,13.0,SOUTH-EAST,2.5,4.0,4.0,House,6.0,0,1,0,0,1,1,0,0,0,0,0,4
"Rudreshwor, Kathmandu",37500000.0,1711.25,18.0,NORTH-WEST,2.5,7.0,3.0,Bungalow,13.0,0,1,0,0,1,1,0,1,0,0,0,7
"Bhaisepati, Lalitpur",38000000.0,1369.0,20.0,NORTH,2.5,4.0,4.0,House,8.0,0,1,0,1,1,1,1,0,0,0,0,8
Other,7500000.0,1026.75,10.0,NORTH,1.0,2.0,1.0,House,21.0,0,1,0,0,1,0,0,0,0,0,0,3
"Gothatar, Kathmandu",18500000.0,1026.75,14.0,SOUTH,3.0,,4.0,House,21.0,0,1,0,0,1,1,0,0,0,0,0,4
"Bhaisepati, Lalitpur",24500000.0,1095.2,20.0,EAST,2.5,4.0,5.0,House,18.0,0,1,0,1,1,1,0,0,0,0,0,6
"Golfutar, Kathmandu",27000000.0,1369.0,13.0,SOUTH-EAST,2.5,5.0,4.0,House,15.0,0,1,0,0,1,1,0,0,0,0,1,5
Other,35000000.0,2464.2000000000003,13.0,EAST,2.5,3.0,2.0,House,7.0,0,1,0,1,0,0,1,1,0,1,1,11
"Imadol, Lalitpur",18500000.0,1026.75,14.0,EAST,2.5,4.0,4.0,House,13.0,0,1,0,1,1,1,1,0,0,0,0,7
"Nakkhu, Lalitpur",26500000.0,1095.2,20.0,NORTH,2.5,4.0,5.0,House,20.0,0,1,0,1,1,1,1,0,0,0,0,7
"Imadol, Lalitpur",16000000.0,1026.75,13.0,NORTH,2.5,7.0,4.0,House,13.0,0,1,0,1,1,1,0,0,0,0,0,6
"Hattigaunda, Kathmandu",23000000.0,1026.75,13.0,EAST,2.5,4.0,4.0,Bungalow,6.0,0,1,0,0,1,1,1,1,0,0,0,8
"Kusunti, Lalitpur",26500000.0,1026.75,15.0,EAST,2.5,4.0,3.0,House,23.0,0,1,0,0,1,1,0,0,0,0,0,5
Other,26500000.0,1779.7,13.0,SOUTH-EAST,3.5,7.0,3.0,House,6.0,0,1,0,1,1,1,0,0,0,0,0,5
Other,27500000.0,1369.0,20.0,WEST,2.5,4.0,4.0,House,6.0,0,1,0,0,1,1,0,0,0,0,1,5
"Imadol, Lalitpur",19000000.0,1026.75,13.0,EAST,2.5,4.0,3.0,House,18.0,0,1,0,1,1,0,0,0,0,0,0,5
Other,39000000.0,1026.75,30.0,SOUTH,3.5,10.0,4.0,House,15.0,0,1,0,0,1,1,0,0,0,0,0,4
"Bafal, Kathmandu",25500000.0,1437.45,13.0,EAST,2.5,4.0,4.0,House,7.0,0,1,0,0,1,1,0,0,0,0,0,4
Other,28000000.0,1095.2,12.0,SOUTH,2.5,5.0,4.0,House,7.0,0,1,0,0,1,1,0,0,0,0,0,5
"Thankot, Kathmandu",10500000.0,1026.75,5.0,WEST,2.5,7.0,4.0,House,7.0,0,0,0,0,1,1,0,0,0,0,0,2
"Thankot, Kathmandu",11500000.0,1026.75,13.0,NORTH,1.0,3.0,3.0,House,7.0,0,1,0,0,1,1,0,0,0,0,0,5
Other,18500000.0,752.95,11.5,WEST,2.5,4.0,4.0,House,7.0,0,1,0,0,1,0,0,0,0,0,0,4
"Kalanki, Kathmandu",42500000.0,2738.0,14.0,EAST,3.0,5.0,3.0,House,8.0,0,1,0,1,1,1,0,0,0,0,0,5
"Bafal, Kathmandu",30000000.0,1369.0,14.0,WEST,2.5,6.0,4.0,Bungalow,21.0,0,1,0,0,1,0,0,1,0,0,0,6
"Banasthali, Kathmandu",30000000.0,1369.0,32.0,EAST,3.0,5.0,4.0,House,21.0,0,0,0,0,1,0,0,0,0,0,0,2
Other,15500000.0,1369.0,20.0,NORTH,2.0,4.0,2.0,House,18.0,0,1,0,0,1,1,0,0,0,0,0,5
Other,17500000.0,1711.25,20.0,NORTH,2.0,4.0,2.0,House,15.0,0,1,0,0,1,1,0,0,0,0,0,4
Other,41000000.0,1437.45,20.0,EAST,3.5,7.0,7.0,House,18.0,0,1,0,0,1,1,1,1,0,0,1,8
"Hattiban, Lalitpur",21500000.0,1369.0,13.0,NORTH,2.5,6.0,4.0,House,6.0,0,1,0,0,1,1,0,0,0,0,0,4
"Hattiban, Lalitpur",21000000.0,1369.0,13.0,NORTH,2.5,5.0,4.0,House,6.0,0,1,0,0,0,1,0,0,0,0,0,3
"Bhaisepati, Lalitpur",35000000.0,1711.25,15.0,NORTH,2.5,4.0,5.0,House,15.0,0,1,0,1,1,1,0,0,0,0,0,6
Other,25000000.0,1437.45,10.0,SOUTH,1.0,2.0,1.0,House,10.0,0,1,0,0,1,1,0,0,0,0,0,4
Other,13000000.0,1095.2,13.0,EAST,1.0,2.0,1.0,House,14.0,0,1,0,0,1,1,0,0,0,0,0,4
"Budhanilkantha, Kathmandu",41500000.0,1745.475,13.0,NORTH-WEST,2.5,6.0,6.0,House,7.0,0,1,0,0,1,1,0,0,0,0,0,4
"Mandikhatar, Kathmandu",70000000.0,4449.25,18.0,NORTH,2.5,4.0,4.0,House,13.0,0,1,0,1,1,1,0,0,0,0,0,5
Other,26000000.0,1369.0,26.0,NORTH,2.5,4.0,3.0,House,13.0,0,1,0,0,1,1,0,0,0,0,0,4
Other,28000000.0,1369.0,26.0,EAST,2.5,6.0,3.0,House,13.0,0,1,0,0,1,1,0,0,0,0,0,4
Other,19000000.0,1026.75,15.0,NORTH,2.5,4.0,4.0,House,7.0,0,1,0,0,1,1,0,0,0,0,0,4
"Deuwa Chowk, Kathmandu",36000000.0,2053.5,14.0,EAST,2.5,6.0,4.0,House,7.0,0,1,0,0,1,1,0,0,0,0,0,4
"Hattigaunda, Kathmandu",34500000.0,1711.25,14.0,EAST,2.5,4.0,5.0,House,18.0,0,1,0,0,1,1,0,0,0,0,0,4
"Gwarko, Lalitpur",30000000.0,1437.45,13.0,SOUTH,2.5,5.0,4.0,House,6.0,0,1,0,0,1,0,1,0,0,0,1,6
"Dhapasi, Kathmandu",50000000.0,3798.975,15.0,EAST,2.5,7.0,5.0,House,9.0,0,1,0,1,1,1,0,0,0,0,0,6
"Hattigaunda, Kathmandu",31000000.0,1026.75,13.0,NORTH-WEST,3.5,5.0,5.0,House,13.0,0,1,0,1,1,1,0,0,0,0,0,6
"Narayanthan, Kathmandu",67500000.0,4107.0,19.0,NORTH,2.5,4.0,4.0,House,13.0,0,1,0,1,1,1,0,0,0,0,0,6
"Kalanki, Kathmandu",29000000.0,1403.225,10.0,SOUTH,2.5,5.0,4.0,House,8.0,0,1,0,1,1,1,1,1,0,0,1,10
Other,28000000.0,1471.675,15.0,SOUTH,2.5,5.0,5.0,House,9.0,0,1,0,0,1,1,1,0,0,0,0,6
"Budhanilkantha, Kathmandu",55000000.0,3080.25,14.0,NORTH-WEST,2.5,4.0,4.0,House,7.0,0,1,0,1,1,1,0,0,0,0,0,5
"Hattigaunda, Kathmandu",32500000.0,1745.475,15.0,NORTH,2.5,6.0,4.0,House,9.0,0,1,0,0,1,1,0,0,0,0,0,4
Other,39500000.0,2395.75,13.0,NORTH,2.5,7.0,5.0,House,8.0,0,1,0,0,1,1,0,0,0,0,0,4
"Golfutar, Kathmandu",35000000.0,1369.0,17.0,EAST,2.5,5.0,5.0,House,7.0,0,1,0,0,1,1,0,0,0,0,0,4
Other,26000000.0,1026.75,13.0,EAST,2.5,4.0,4.0,House,21.0,0,1,0,0,1,1,0,0,0,0,0,4
Other,9800000.0,1026.75,13.0,NORTH,1.0,2.0,1.0,House,18.0,0,1,0,0,1,1,0,0,0,0,0,4
"Hepali Height, Kathmandu",22500000.0,1369.0,13.0,SOUTH,2.5,3.0,2.0,House,15.0,0,1,0,0,1,1,0,0,0,0,0,4
"Nakkhu, Lalitpur",28000000.0,1369.0,20.0,EAST,2.5,4.0,5.0,Bungalow,7.0,0,1,0,0,1,1,0,0,0,0,0,4
"Imadol, Lalitpur",18500000.0,1026.75,14.0,EAST,2.5,4.0,4.0,House,6.0,0,1,0,0,1,1,0,0,0,0,0,4
"Sitapaila, Kathmandu",25000000.0,1403.225,13.0,UNKNOWN,2.5,4.0,4.0,House,21.0,0,1,0,0,1,0,0,0,0,0,0,3
"Kapan, Kathmandu",36000000.0,2395.75,13.0,SOUTH,2.5,6.0,4.0,House,15.0,0,1,0,1,1,1,1,1,0,0,1,11
"Mulpani, Kathmandu",12500000.0,855.625,10.0,SOUTH-EAST,2.5,4.0,3.0,House,6.0,0,1,0,0,1,0,1,0,0,0,0,5
Other,25000000.0,1369.0,26.0,EAST,2.5,3.0,4.0,House,18.0,0,1,0,0,1,1,0,0,0,0,0,4
"Gothatar, Kathmandu",23000000.0,1060.9750000000001,13.0,WEST,2.5,6.0,4.0,House,8.0,0,1,0,0,1,0,0,0,0,0,0,3
Other,18000000.0,1060.9750000000001,13.0,EAST,2.5,5.0,3.0,House,8.0,0,1,0,0,1,1,0,0,0,0,1,6
"Kalanki, Kathmandu",21800000.0,1369.0,14.0,NORTH,3.5,7.0,4.0,House,19.0,0,1,0,0,1,1,1,0,0,0,0,6
"Bhaisepati, Lalitpur",25000000.0,1369.0,13.0,EAST,2.5,6.0,4.0,House,18.0,0,1,0,0,1,1,0,0,0,0,1,5
Other,21500000.0,1369.0,16.0,WEST,2.5,5.0,3.0,House,7.0,0,1,0,0,1,1,0,0,0,0,0,4
Other,18000000.0,1026.75,10.0,SOUTH,2.5,5.0,2.0,House,27.0,0,0,0,1,0,1,1,0,0,0,1,9
Other,24000000.0,1026.75,13.0,WEST,4.0,7.0,4.0,House,17.0,0,1,0,0,1,1,0,0,0,0,0,4
Other,24000000.0,1095.2,16.0,WEST,2.0,5.0,2.0,House,23.0,0,1,0,0,1,1,0,0,0,0,0,4
"Dhapakhel, Lalitpur",14500000.0,752.95,20.0,EAST,2.5,3.0,3.0,House,17.0,0,1,0,0,1,1,0,0,0,0,0,4
"Hattigaunda, Kathmandu",31500000.0,1779.7,16.0,NORTH,2.5,5.0,5.0,Bungalow,12.0,0,1,0,0,1,1,0,0,0,0,0,4
Other,54000000.0,1779.7,20.0,EAST,3.0,4.0,5.0,Bungalow,6.0,0,1,0,0,1,1,0,0,0,0,0,4
"Kapan, Kathmandu",21000000.0,1369.0,14.0,EAST,2.5,6.0,4.0,House,13.0,0,1,0,0,1,1,0,0,0,0,0,4
Other,17000000.0,1026.75,15.0,WEST,2.5,,4.0,House,9.0,0,1,0,0,1,1,0,0,0,0,0,4
Other,29000000.0,1711.25,15.0,EAST,3.0,4.0,5.0,Bungalow,10.0,0,1,0,1,0,1,0,0,0,1,0,9
"Budhanilkantha, Kathmandu",58000000.0,4107.0,12.0,UNKNOWN,2.5,5.0,4.0,House,16.0,0,1,0,0,1,1,0,0,0,0,0,4
Other,27000000.0,1369.0,13.0,NORTH,2.5,5.0,4.0,House,18.0,0,0,0,0,1,1,0,0,0,0,0,3
"Budhanilkantha, Kathmandu",57500000.0,2395.75,20.0,SOUTH,2.5,4.0,5.0,Villa,8.0,0,1,0,0,1,1,0,0,0,0,0,4
"Hepali Height, Kathmandu",27000000.0,1369.0,15.0,EAST,2.5,5.0,4.0,House,8.0,0,1,0,0,1,1,0,0,0,0,0,4
"Budhanilkantha, Kathmandu",44500000.0,1711.25,15.0,WEST,2.5,6.0,4.0,House,7.0,0,1,0,1,1,1,0,0,0,0,0,6
"Bansbari, Kathmandu",45000000.0,2738.0,20.0,EAST,2.5,6.0,4.0,House,7.0,0,1,0,0,1,1,0,0,0,0,0,4
Other,15500000.0,1369.0,10.0,NORTH,1.5,3.0,2.0,House,27.0,0,1,0,0,1,1,0,0,0,0,0,4
"Goldhunga, Kathmandu",18500000.0,1369.0,26.0,EAST,2.0,4.0,4.0,House,18.0,0,1,0,0,0,1,0,0,0,0,0,3
"Thankot, Kathmandu",30000000.0,1369.0,13.0,EAST,3.5,5.0,5.0,House,17.0,0,1,0,0,1,1,0,0,0,0,0,4
"Nakhipot, Lalitpur",25000000.0,1437.45,20.0,NORTH,2.5,5.0,3.0,House,6.0,0,1,0,0,1,1,0,1,0,0,0,5
"Imadol, Lalitpur",32500000.0,1745.475,13.0,EAST,2.5,6.0,5.0,House,6.0,0,1,0,0,1,1,0,0,0,0,0,4
Other,35000000.0,2053.5,15.0,SOUTH,3.5,4.0,4.0,House,10.0,0,1,0,0,1,1,0,0,0,0,0,4
"Narayanthan, Kathmandu",67500000.0,4107.0,15.0,EAST,2.5,4.0,4.0,House,18.0,0,1,0,1,1,1,0,0,0,0,0,5
"Syuchatar, Kathmandu",24500000.0,1369.0,13.0,EAST,2.5,4.0,4.0,House,17.0,0,1,0,0,1,1,0,0,0,0,0,4
"Syuchatar, Kathmandu",22000000.0,1129.425,13.0,NORTH,3.5,5.0,4.0,House,23.0,0,1,0,0,1,1,0,0,0,0,0,4
Other,55500000.0,1369.0,15.0,SOUTH,4.5,6.0,5.0,House,17.0,0,1,0,0,1,1,0,0,0,0,0,4
Other,90000000.0,2395.75,16.0,NORTH,3.0,4.0,4.0,Bungalow,18.0,0,1,0,1,1,0,0,0,0,0,0,4
Other,27000000.0,1369.0,13.0,NORTH,2.5,5.0,4.0,Bungalow,10.0,0,1,0,0,0,0,0,0,0,0,0,2
"Bansbari, Kathmandu",38000000.0,1095.2,18.0,EAST,2.5,6.0,4.0,Bungalow,8.0,0,1,0,1,1,0,0,0,0,0,0,4
Other,24500000.0,1026.75,16.0,UNKNOWN,3.0,5.0,5.0,House,17.0,0,1,0,0,1,0,0,0,0,0,0,3
"Banasthali, Kathmandu",20000000.0,1095.2,8.0,NORTH,2.5,5.0,3.0,House,13.0,0,0,0,0,1,1,1,0,0,0,1,10
"Tikathali, Lalitpur",16000000.0,1026.75,13.0,WEST,2.5,5.0,4.0,House,8.0,0,1,0,0,1,1,0,0,0,0,0,4
"Thankot, Kathmandu",32500000.0,1711.25,16.0,EAST,2.5,4.0,4.0,House,21.0,0,1,0,0,1,1,0,0,0,0,0,4
"Thankot, Kathmandu",16000000.0,1369.0,16.0,SOUTH,2.5,6.0,4.0,House,13.0,0,1,0,0,1,0,0,0,0,0,0,3
"Thankot, Kathmandu",16000000.0,1060.9750000000001,13.0,WEST,2.5,5.0,2.0,House,13.0,0,1,0,0,1,1,0,0,0,0,0,4
Other,70000000.0,3080.25,12.0,SOUTH,4.0,9.0,5.0,House,14.0,0,0,0,0,1,0,0,0,0,0,0,2
Other,29500000.0,1129.425,13.0,EAST,3.0,7.0,3.0,House,17.0,0,1,0,0,0,1,0,1,0,1,1,11
"Kalanki, Kathmandu",22000000.0,1369.0,14.0,EAST,2.0,5.0,3.0,House,7.0,0,1,0,0,1,1,0,0,0,0,0,4
"Bafal, Kathmandu",31000000.0,1129.425,15.0,NORTH-EAST,2.5,5.0,3.0,House,7.0,0,1,0,1,0,1,0,0,0,0,0,4
"Lubhu, Lalitpur",18500000.0,1711.25,13.0,SOUTH,2.5,4.0,3.0,House,7.0,0,1,0,0,1,1,0,0,0,0,0,4
Other,22500000.0,1403.225,22.0,SOUTH-EAST,2.5,6.0,3.0,House,7.0,0,1,0,0,1,1,0,0,0,0,0,4
Other,35000000.0,2121.9500000000003,10.0,WEST,3.0,4.0,4.0,House,7.0,0,1,0,0,1,1,0,0,0,0,0,4
Other,29000000.0,1369.0,13.0,WEST,3.0,6.0,5.0,House,6.0,0,1,0,0,1,1,0,0,0,0,0,5
Other,19000000.0,1369.0,15.0,EAST,2.0,5.0,4.0,House,6.0,0,1,0,0,1,1,0,0,0,0,0,4
"Bhaisepati, Lalitpur",22000000.0,1403.225,20.0,NORTH,2.5,3.0,4.0,House,8.0,0,1,0,0,1,1,0,0,0,0,0,4
"Bhaisepati, Lalitpur",21000000.0,1026.75,12.0,NORTH-EAST,2.5,5.0,5.0,House,17.0,0,1,0,0,1,1,0,0,0,0,0,4
"Sitapaila, Kathmandu",34500000.0,1437.45,15.0,SOUTH,2.5,4.0,3.0,House,7.0,0,1,0,1,1,1,0,0,0,0,0,5
"Bhangal, Kathmandu",35000000.0,1711.25,14.0,SOUTH-EAST,2.5,3.0,4.0,Bungalow,7.0,0,1,0,0,1,1,0,0,0,0,0,4
Other,33000000.0,1369.0,10.0,WEST,3.5,7.0,4.0,House,7.0,0,1,0,0,1,1,0,0,0,0,0,4
"Jarankhu, Kathmandu",7800000.0,1060.9750000000001,10.0,WEST,1.0,,4.0,House,23.0,0,1,0,0,1,1,0,0,0,0,0,4
"Jarankhu, Kathmandu",12000000.0,1026.75,10.0,EAST,1.0,2.0,1.0,House,9.0,0,1,0,0,1,1,0,0,0,0,0,4
"Mulpani, Kathmandu",12000000.0,1026.75,10.0,NORTH,2.0,2.0,1.0,House,23.0,0,1,0,0,1,1,0,0,0,0,0,4
"Setipakha, Lalitpur",21000000.0,1711.25,16.0,EAST,3.0,5.0,3.0,House,9.0,0,1,0,0,1,1,0,0,0,0,0,4
"Rudreshwor, Kathmandu",10500000.0,752.95,10.0,WEST,2.5,5.0,3.0,House,18.0,0,1,0,0,1,1,0,0,0,0,0,4
"Imadol, Lalitpur",18500000.0,1026.75,12.0,NORTH,2.5,4.0,4.0,House,23.0,0,1,0,0,0,0,0,0,0,0,0,2
"Imadol, Lalitpur",16500000.0,1026.75,13.0,SOUTH,2.5,6.0,4.0,House,18.0,0,1,0,0,0,0,0,0,0,0,0,2
"Imadol, Lalitpur",25000000.0,1095.2,15.0,SOUTH,2.5,5.0,5.0,House,10.0,0,1,0,0,0,0,0,0,0,0,0,2
"Imadol, Lalitpur",22000000.0,1095.2,13.0,SOUTH,2.5,4.0,4.0,House,12.0,0,1,0,0,0,0,0,0,0,0,0,2
"Imadol, Lalitpur",21500000.0,1060.9750000000001,13.0,EAST,2.5,5.0,4.0,House,8.0,0,1,0,0,0,0,0,0,0,0,0,2
"Imadol, Lalitpur",24500000.0,1437.45,13.0,SOUTH,2.5,4.0,4.0,House,23.0,0,1,0,0,0,0,0,0,0,0,0,2
"Syuchatar, Kathmandu",20700000.0,1095.2,12.0,WEST,2.5,5.0,5.0,House,23.0,0,1,0,0,1,1,0,0,0,0,0,4
"Syuchatar, Kathmandu",22000000.0,1095.2,14.0,WEST,2.5,4.0,4.0,House,7.0,0,1,0,0,1,1,0,0,0,0,0,4
"Jarankhu, Kathmandu",268000.0,752.95,13.0,NORTH-EAST,2.5,4.0,4.0,House,23.0,0,1,0,0,1,1,0,0,0,0,0,4
Other,15500000.0,1060.9750000000001,12.0,SOUTH,2.5,4.0,3.0,House,8.0,0,1,0,0,1,1,0,0,0,0,0,4
"Thankot, Kathmandu",11500000.0,1060.9750000000001,13.0,SOUTH-EAST,1.0,3.0,1.0,House,7.0,0,1,0,0,1,1,0,0,0,0,0,4
"Tikathali, Lalitpur",9850000.0,752.95,16.0,WEST,1.0,,4.0,House,8.0,0,1,0,0,1,0,0,0,0,0,0,3
"Imadol, Lalitpur",21500000.0,1060.9750000000001,13.0,SOUTH,2.5,4.0,3.0,House,7.0,0,1,0,0,1,0,0,0,0,0,0,3
"Imadol, Lalitpur",17500000.0,1026.75,13.0,EAST,2.5,5.0,5.0,House,7.0,0,1,0,0,1,0,0,0,0,0,0,3
"Imadol, Lalitpur",18500000.0,1026.75,12.0,NORTH,2.5,5.0,3.0,House,23.0,0,1,0,0,0,0,0,0,0,0,1,5
"Imadol, Lalitpur",19800000.0,1060.9750000000001,13.0,EAST,2.5,5.0,4.0,House,9.0,0,1,0,0,0,0,0,0,0,0,1,6
Other,17500000.0,1129.425,13.0,SOUTH,2.0,5.0,2.0,House,6.0,0,0,0,0,0,0,0,0,0,0,1,2
"Dhapasi, Kathmandu",32500000.0,1711.25,13.0,SOUTH,2.0,5.0,2.0,Bungalow,13.0,0,1,0,0,1,1,0,0,0,0,0,4
Other,42500000.0,1369.0,13.0,NORTH,2.5,4.0,4.0,Bungalow,7.0,0,1,0,0,1,1,0,0,0,0,0,4
Other,50000000.0,3422.5,11.0,NORTH,2.0,5.0,3.0,Bungalow,7.0,0,1,0,1,1,1,0,0,0,0,0,5
Other,12000000.0,1026.75,13.0,WEST,1.0,2.0,1.0,House,8.0,0,1,0,0,1,1,0,0,0,0,0,4
"Kalanki, Kathmandu",28000000.0,1437.45,13.0,EAST,2.5,4.0,4.0,House,16.0,0,1,0,0,1,1,0,0,0,0,0,4
Other,24000000.0,1711.25,11.0,NORTH-EAST,2.5,5.0,3.0,House,10.0,0,1,0,0,1,1,0,0,0,0,0,4
Other,42500000.0,2053.5,18.0,NORTH-EAST,2.5,6.0,4.0,Bungalow,12.0,0,1,0,0,1,1,0,0,0,0,0,4
Other,33000000.0,1711.25,13.0,NORTH,2.5,4.0,4.0,House,8.0,0,1,0,0,1,1,0,0,0,0,0,4
"Imadol, Lalitpur",20700000.0,1060.9750000000001,13.0,NORTH,2.5,5.0,4.0,House,15.0,0,1,0,0,1,1,0,0,0,0,0,4
"Imadol, Lalitpur",18200000.0,1026.75,13.0,SOUTH,2.0,4.0,2.0,House,13.0,0,1,0,0,1,1,0,0,0,0,0,4
"Syuchatar, Kathmandu",22400000.000000004,1369.0,13.0,NORTH,2.0,6.0,3.0,House,7.0,0,1,0,1,1,1,0,1,0,0,0,7
"Syuchatar, Kathmandu",24500000.0,1369.0,12.0,NORTH-EAST,2.5,6.0,3.0,House,7.0,0,1,0,1,1,1,0,0,0,0,0,5
"Hattigaunda, Kathmandu",32500000.0,1711.25,12.0,WEST,2.5,7.0,3.0,House,7.0,0,1,0,0,1,1,0,0,0,0,0,4
"Budhanilkantha, Kathmandu",29900000.000000004,1026.75,10.0,NORTH-EAST,3.0,4.0,3.0,House,7.0,0,1,0,0,1,1,0,1,0,0,0,6
Other,26500000.0,855.625,10.0,WEST,2.5,5.0,3.0,House,15.0,0,1,0,0,1,1,0,0,0,0,0,4
"Thankot, Kathmandu",11500000.0,752.95,13.5,WEST,2.0,4.0,2.0,House,9.0,0,1,0,0,1,1,0,0,0,0,0,4
Other,11000000.0,752.95,10.0,WEST,1.5,2.0,1.0,House,7.0,0,1,0,0,1,1,0,0,0,0,0,4
Other,11500000.0,1095.2,15.0,WEST,1.5,2.0,1.0,House,13.0,0,1,0,0,1,1,0,0,0,0,0,4
"Thankot, Kathmandu",12000000.0,1095.2,15.5,SOUTH,1.5,4.0,3.0,House,7.0,0,1,0,0,1,1,0,0,0,0,0,4
Other,14000000.0,752.95,15.0,EAST,2.5,4.0,4.0,House,9.0,0,1,0,0,1,1,0,0,0,0,0,4
Other,13500000.0,1711.25,13.0,SOUTH,2.0,5.0,5.0,House,8.0,0,1,0,0,1,1,0,0,0,0,0,4
Other,25000000.0,1129.425,20.0,NORTH-EAST,2.5,6.0,4.0,House,7.0,0,1,0,0,1,1,0,0,0,0,0,4
"Khumaltar, Lalitpur",21000000.0,1437.45,13.0,NORTH-EAST,2.5,3.0,3.0,House,13.0,0,1,0,0,1,1,0,0,0,0,0,4
Other,11500000.0,1026.75,13.0,WEST,1.5,5.0,4.0,House,13.0,0,1,0,0,1,1,0,0,0,0,0,4
Other,30000000.0,1437.45,12.0,WEST,3.5,6.0,6.0,House,12.0,0,1,0,0,1,1,0,0,0,0,0,4
Other,29000000.0,1711.25,12.0,WEST,3.0,6.0,5.0,Bungalow,4.0,0,1,0,1,1,1,0,0,0,0,0,5
"Syuchatar, Kathmandu",28500000.0,1095.2,15.0,SOUTH,3.5,7.0,4.0,House,4.0,0,0,0,0,1,1,0,0,0,0,0,3
Other,46500000.0,1095.2,18.0,WEST,4.5,8.0,5.0,House,4.0,0,1,0,1,1,1,0,0,0,0,0,5
"Sitapaila, Kathmandu",27000000.0,1369.0,20.0,NORTH,2.5,,4.0,House,24.0,0,1,0,0,1,1,0,0,0,0,0,4
"Hattigaunda, Kathmandu",31500000.0,1745.475,12.0,NORTH,2.5,,4.0,Bungalow,5.0,0,1,0,1,1,1,0,0,0,0,0,5
"Budhanilkantha, Kathmandu",110000000.0,8898.5,15.0,EAST,2.5,6.0,4.0,Bungalow,5.0,0,1,0,1,1,1,0,0,0,0,0,5
Other,24500000.0,1095.2,12.0,NORTH,2.5,5.0,3.0,House,5.0,0,1,0,0,1,1,0,0,0,0,1,5
Other,22500000.0,1095.2,13.0,NORTH,3.5,6.0,4.0,House,10.0,0,1,0,0,1,1,0,0,0,0,0,4
Other,28500000.0,1060.9750000000001,10.0,WEST,2.5,7.0,4.0,House,4.0,0,1,0,0,1,1,0,0,0,0,0,4
Other,25000000.0,1026.75,10.0,SOUTH,2.5,6.0,4.0,House,4.0,0,0,0,0,1,1,0,0,0,0,0,3
Other,15500000.0,1437.45,10.0,EAST,1.0,2.0,1.0,House,4.0,0,1,0,0,1,1,0,0,0,0,0,4
"Baluwakhani, Kathmandu",17000000.0,1129.425,13.0,NORTH,3.5,8.0,4.0,House,10.0,0,1,0,0,1,1,0,0,0,0,0,4
"Imadol, Lalitpur",19000000.0,1026.75,13.0,NORTH-EAST,2.5,4.0,3.0,House,5.0,0,1,0,0,1,1,0,0,0,0,0,5
Other,16000000.0,1095.2,20.0,WEST,2.5,4.0,4.0,House,5.0,0,0,0,0,1,1,0,0,0,0,0,3
Other,15500000.0,1026.75,20.0,EAST,2.5,5.0,5.0,House,4.0,0,0,0,0,1,1,0,0,0,0,0,3
Other,16500000.0,1026.75,13.0,EAST,2.5,6.0,4.0,House,5.0,0,0,0,0,1,1,0,0,0,0,0,3
Other,18000000.0,1026.75,20.0,NORTH,2.5,3.0,3.0,House,4.0,0,0,0,0,1,1,0,0,0,0,0,3
Other,19000000.0,1026.75,13.0,SOUTH,2.5,5.0,4.0,House,5.0,0,0,0,0,1,1,0,0,0,0,0,3
"Bafal, Kathmandu",22500000.0,1095.2,13.0,EAST,2.5,6.0,6.0,House,4.0,0,1,0,0,1,1,0,0,0,0,0,4
Other,50000000.0,1711.25,15.0,WEST,4.0,4.0,4.0,House,4.0,0,0,0,0,1,1,0,0,0,0,0,3
"Thankot, Kathmandu",12800000.0,1026.75,13.0,WEST,2.5,6.0,5.0,House,4.0,0,0,0,0,1,1,1,0,0,0,0,4
Other,12000000.0,1369.0,13.0,WEST,1.0,2.0,1.0,House,9.0,0,1,0,0,1,1,0,0,0,0,0,4
"Thankot, Kathmandu",9800000.0,1095.2,13.0,EAST,1.0,3.0,1.0,House,9.0,0,1,0,0,1,1,0,0,0,0,0,4
"Thankot, Kathmandu",17000000.0,1026.75,13.0,NORTH,2.5,4.0,3.0,House,9.0,0,0,0,0,1,1,0,0,0,0,0,3
"Naxal, Kathmandu",100000000.0,4107.0,20.0,EAST,2.0,5.0,4.0,Bungalow,9.0,0,1,0,1,1,1,0,0,0,0,0,5
Other,25000000.0,1095.2,13.0,NORTH-WEST,3.0,7.0,5.0,House,9.0,0,1,0,0,1,1,0,0,0,0,0,4
"Gothatar, Kathmandu",62500000.0,2395.75,14.0,WEST,3.5,6.0,8.0,Bungalow,8.0,0,1,0,1,1,1,0,1,0,0,0,9
"Bhaisepati, Lalitpur",38000000.0,1369.0,16.0,SOUTH-EAST,2.5,4.0,4.0,House,13.0,0,1,0,1,1,1,0,0,0,0,0,5
"Bhaisepati, Lalitpur",25500000.0,1437.45,13.0,SOUTH-EAST,3.0,4.0,4.0,House,13.0,0,1,0,1,1,1,0,0,0,0,0,6
"Naxal, Kathmandu",38000000.0,1369.0,15.0,EAST,2.5,5.0,6.0,House,23.0,0,0,0,0,1,1,0,0,0,0,0,3
"Pasikot, Kathmandu",55000000.0,2806.45,13.0,UNKNOWN,2.5,,4.0,House,14.0,0,1,0,1,1,1,0,0,0,0,0,5
"Sanepa, Lalitpur",97500000.0,5476.0,14.0,SOUTH,2.0,4.0,4.0,Bungalow,7.0,0,1,0,1,1,1,0,0,0,0,0,5
"Golfutar, Kathmandu",43000000.0,1779.7,12.0,EAST,2.5,5.0,5.0,House,13.0,0,1,0,0,1,1,0,0,0,0,0,4
Other,30000000.0,1369.0,12.0,EAST,2.5,6.0,6.0,House,13.0,0,1,0,0,1,1,0,0,0,0,0,4
"Bhaisepati, Lalitpur",27500000.0,1095.2,20.0,WEST,2.5,3.0,4.0,House,8.0,0,1,0,0,1,1,0,0,0,0,0,4
"Pasikot, Kathmandu",30000000.0,1779.7,20.0,EAST,2.5,4.0,5.0,House,14.0,0,1,0,0,1,1,0,0,0,0,0,4
Other,26000000.0,1437.45,12.0,SOUTH-WEST,3.0,8.0,4.0,House,7.0,0,1,0,0,1,1,0,0,0,0,0,4
"Pasikot, Kathmandu",32000000.0,1882.375,14.0,EAST,3.0,4.0,6.0,House,13.0,0,1,0,0,0,0,0,0,0,0,0,2
Other,90000000.0,3456.725,12.0,SOUTH,2.5,6.0,4.0,House,7.0,0,1,0,1,1,0,0,0,0,0,0,3
"Hepali Height, Kathmandu",41000000.0,1711.25,14.0,WEST,3.0,6.0,3.0,House,7.0,0,1,0,0,1,1,0,0,0,0,0,4
"Baluwatar, Kathmandu",130000000.0,3422.5,16.0,NORTH,2.0,4.0,4.0,House,7.0,0,1,0,0,1,1,0,0,0,0,0,4
"Budhanilkantha, Kathmandu",31000000.0,1437.45,19.0,WEST,2.5,5.0,5.0,House,15.0,0,1,0,0,1,1,0,0,0,0,0,4
"Dhapasi, Kathmandu",25000000.0,1437.45,20.0,NORTH,2.5,11.0,5.0,House,13.0,0,1,0,0,1,1,0,0,0,0,0,4
"Baluwatar, Kathmandu",70000000.0,1779.7,26.0,WEST,5.0,9.0,7.0,House,17.0,0,1,0,1,1,0,0,0,0,0,0,3
"Golfutar, Kathmandu",22000000.0,1026.75,26.0,WEST,2.5,3.0,4.0,House,13.0,0,0,0,0,1,1,0,0,0,0,0,3
"Rudreshwor, Kathmandu",140000000.0,4107.0,,NORTH,2.5,5.0,4.0,Bungalow,7.0,0,1,0,1,1,1,0,0,0,0,0,5
"Bhangal, Kathmandu",19000000.0,1026.75,10.0,EAST,2.5,6.0,4.0,House,13.0,0,1,1,0,1,0,0,0,0,0,1,18
"Chunikhel, Kathmandu",13000000.0,1197.875,13.0,EAST,1.0,2.0,1.0,House,7.0,0,1,0,0,1,0,0,0,0,0,0,11
"Kapan, Kathmandu",20000000.0,1471.675,13.0,NORTH,2.5,5.0,4.0,House,25.0,0,1,1,1,1,0,0,1,0,0,1,21
"Gongabu, Kathmandu",18500000.0,1026.75,12.0,NORTH-EAST,2.5,5.0,4.0,House,4.0,0,1,1,0,0,0,0,0,0,0,0,9
"Kapan, Kathmandu",12500000.0,1026.75,6.0,WEST,2.0,4.0,2.0,House,8.0,0,1,1,1,0,0,0,0,0,0,0,7
"Bhangal, Kathmandu",18000000.0,1369.0,13.0,WEST,2.0,4.0,2.0,House,4.0,0,0,0,0,0,0,0,0,0,0,0,0
Other,46000000.0,2156.1749999999997,13.0,WEST,2.5,5.0,3.0,Bungalow,5.0,0,0,1,0,1,0,0,0,0,0,0,8
Other,38500000.0,2395.75,12.0,WEST,3.5,7.0,4.0,Bungalow,9.0,0,1,1,0,1,0,0,1,0,0,1,14
"Sukedhara, Kathmandu",45000000.0,2053.5,12.0,SOUTH,2.5,4.0,3.0,House,6.0,0,1,1,0,0,0,0,1,0,0,1,13
"Dhapasi, Kathmandu",33000000.0,1711.25,12.0,EAST,2.5,4.0,4.0,House,5.0,0,1,1,0,0,0,0,1,0,0,1,12
"Bhaisepati, Lalitpur",28000000.0,1095.2,24.0,SOUTH,2.5,4.0,4.0,House,11.0,0,0,1,1,1,0,0,1,0,0,1,24
Other,57500000.0,1711.25,23.0,NORTH-EAST,3.5,,4.0,House,12.0,0,0,1,1,1,0,0,1,0,0,1,21
"Bhangal, Kathmandu",32000000.0,1711.25,12.0,NORTH-EAST,3.0,5.0,5.0,House,6.0,0,0,1,1,0,0,0,1,0,0,1,20
"Bhangal, Kathmandu",19000000.0,752.95,10.0,WEST,3.0,6.0,4.0,House,4.0,0,0,1,1,1,0,0,1,0,0,1,20
Other,24500000.0,1060.9750000000001,15.0,WEST,2.5,5.0,3.0,House,4.0,0,0,1,1,1,0,0,1,0,0,1,21
Other,38000000.0,2840.675,12.0,EAST,2.5,5.0,4.0,House,4.0,0,0,0,0,0,0,0,0,0,0,0,0
"Kapan, Kathmandu",27500000.0,1026.75,15.0,WEST,2.5,5.0,4.0,House,11.0,0,0,1,1,1,0,0,1,0,0,1,20
"Dhapasi, Kathmandu",47500000.0,2053.5,13.0,WEST,2.5,4.0,4.0,House,24.0,0,0,0,0,0,0,0,0,0,0,0,0
"Dhapasi, Kathmandu",28000000.0,1403.225,13.0,SOUTH,2.5,5.0,3.0,House,5.0,0,0,1,1,1,0,0,1,0,0,1,21
Other,13500000.0,1369.0,12.0,NORTH,2.5,5.0,4.0,House,5.0,0,0,1,1,1,0,0,1,0,0,1,25
"Bhaisepati, Lalitpur",29000000.0,1369.0,10.0,UNKNOWN,2.5,4.0,4.0,Bungalow,10.0,0,1,1,1,1,0,0,1,0,0,1,24
"Dhapasi, Kathmandu",32000000.0,1026.75,15.0,SOUTH-WEST,3.0,5.0,6.0,Bungalow,4.0,0,0,1,0,1,0,0,1,0,0,1,22
"Bhangal, Kathmandu",23800000.0,1369.0,12.0,NORTH,2.5,,4.0,House,4.0,0,0,1,1,1,0,0,1,0,0,1,21
"Golfutar, Kathmandu",34000000.0,1369.0,10.0,EAST,2.5,5.0,3.0,House,4.0,0,0,1,1,1,0,0,1,0,0,1,22
"Baluwatar, Kathmandu",22500000.0,752.95,12.0,EAST,3.0,6.0,6.0,Bungalow,10.0,0,0,1,1,1,0,0,1,0,0,1,22
Other,32799999.999999996,1403.225,10.0,SOUTH-WEST,2.5,6.0,5.0,House,5.0,0,0,1,1,1,0,0,1,0,0,1,18
"Bhangal, Kathmandu",20500000.0,1060.9750000000001,12.0,EAST,2.5,,4.0,House,5.0,0,0,1,1,1,0,0,1,0,0,1,22
"Banasthali, Kathmandu",29000000.0,1711.25,20.0,WEST,3.0,,4.0,House,5.0,0,0,1,1,1,0,0,1,0,0,1,21
Other,27500000.0,1369.0,12.0,SOUTH,2.5,,4.0,House,4.0,0,0,1,0,1,0,0,1,0,0,1,21
"Golfutar, Kathmandu",36500000.0,1369.0,20.0,SOUTH,2.5,,5.0,House,33.0,0,0,1,1,1,0,0,1,0,0,1,22
"Budhanilkantha, Kathmandu",28500000.0,1369.0,13.0,UNKNOWN,2.5,,4.0,Bungalow,4.0,0,0,1,1,1,0,0,1,0,0,1,22
"Baluwatar, Kathmandu",50000000.0,2738.0,13.0,NORTH,2.5,,4.0,House,4.0,0,0,1,1,1,0,0,1,0,0,1,22
"Budhanilkantha, Kathmandu",65000000.0,5133.75,13.0,NORTH,3.0,,4.0,House,4.0,0,0,1,1,0,0,0,1,0,0,1,19
"Narayanthan, Kathmandu",133000000.0,4107.0,13.0,WEST,2.5,,4.0,Bungalow,9.0,0,0,1,1,1,0,0,1,0,0,1,22
"Budhanilkantha, Kathmandu",45000000.0,2053.5,12.0,WEST,2.5,,4.0,House,8.0,0,1,1,0,1,0,0,1,0,0,1,12
"Chunikhel, Kathmandu",23000000.0,1095.2,,WEST,2.5,6.0,4.0,House,4.0,0,1,0,0,1,0,0,0,0,0,0,5
Other,25000000.0,1369.0,12.0,SOUTH,2.5,6.0,5.0,House,5.0,0,1,0,1,1,0,0,0,0,0,0,6
"Dhapasi, Kathmandu",40000000.0,2395.75,13.0,WEST,2.5,5.0,3.0,House,9.0,0,0,0,0,0,0,0,0,0,0,0,0
"Satdobato, Lalitpur",25000000.0,1197.875,10.0,NORTH,2.5,,4.0,House,5.0,0,1,0,0,1,0,0,1,0,0,0,8
"Sitapaila, Kathmandu",55000000.0,1711.25,24.0,NORTH,2.5,7.0,5.0,House,11.0,0,0,0,0,1,0,0,0,0,0,0,4
Other,21500000.0,1369.0,13.0,WEST,2.5,5.0,5.0,House,12.0,0,1,1,1,1,0,0,1,0,0,1,23
Other,26000000.0,1369.0,13.0,EAST,2.5,,4.0,House,4.0,0,1,0,1,1,0,0,0,0,0,0,5
Other,26000000.0,1369.0,12.0,NORTH-EAST,2.5,,4.0,House,4.0,0,0,0,1,1,0,0,0,0,0,0,5
"Dhapakhel, Lalitpur",26500000.0,1403.225,12.0,WEST,2.5,,4.0,House,4.0,0,1,1,1,1,0,0,0,0,0,0,10
"Dhapasi, Kathmandu",28000000.0,1779.7,12.0,WEST,2.5,,4.0,House,7.0,0,0,0,0,0,0,0,0,0,0,0,0
"Hepali Height, Kathmandu",34500000.0,1403.225,12.0,SOUTH,2.5,5.0,6.0,House,7.0,0,1,1,0,1,0,0,1,0,0,1,13
"Budhanilkantha, Kathmandu",32500000.0,1779.7,15.0,EAST,2.5,4.0,4.0,Bungalow,11.0,0,0,0,0,1,0,0,0,0,0,0,3
"Golfutar, Kathmandu",34500000.0,1369.0,13.0,SOUTH,2.5,6.0,6.0,House,7.0,0,1,1,0,1,0,0,1,0,0,1,13
Other,32500000.0,1711.25,12.0,NORTH-EAST,3.5,6.0,6.0,House,13.0,0,0,0,0,1,0,0,1,0,0,0,4
"Banasthali, Kathmandu",29500000.0,1711.25,14.0,WEST,2.5,6.0,6.0,House,8.0,0,1,1,0,1,0,0,1,0,0,0,9
"Kapan, Kathmandu",36000000.0,21870.0,16.0,WEST,2.5,4.0,3.0,House,12.0,0,1,1,0,1,0,0,1,0,0,0,7
Other,24500000.0,1197.875,12.0,EAST,2.5,4.0,3.0,House,7.0,0,1,1,0,0,0,0,0,0,0,0,3
Other,65000000.0,2738.0,32.0,WEST,3.5,5.0,3.0,House,7.0,0,0,1,0,1,0,0,0,0,0,0,4
"Budhanilkantha, Kathmandu",67500000.0,5886.7,13.0,WEST,2.5,5.0,6.0,House,11.0,0,1,1,0,1,0,0,0,0,0,0,7
"Dhapasi, Kathmandu",21500000.0,1026.75,12.0,SOUTH,2.5,5.0,5.0,House,8.0,0,1,1,1,1,0,0,1,0,0,0,14
Other,19000000.0,1026.75,23.0,WEST,3.0,5.0,5.0,House,6.0,0,0,0,0,0,0,0,0,0,0,0,0
"Nakhipot, Lalitpur",55000000.0,4449.25,14.0,SOUTH,2.5,6.0,5.0,House,4.0,0,0,0,0,0,0,0,0,0,0,0,0
"Banasthali, Kathmandu",49500000.0,2053.5,13.0,NORTH,2.5,6.0,6.0,House,4.0,0,1,1,1,1,0,0,1,0,0,0,15
"Thankot, Kathmandu",18000000.0,958.3,13.0,SOUTH-EAST,2.5,6.0,4.0,House,7.0,0,1,1,0,1,0,0,1,0,0,1,15
"Thankot, Kathmandu",8500000.0,1369.0,14.0,UNKNOWN,2.5,,4.0,House,7.0,0,1,0,0,1,0,0,0,0,0,1,4
"Thankot, Kathmandu",11500000.0,752.95,10.0,SOUTH,2.5,5.0,3.0,House,11.0,0,1,1,0,1,0,0,1,0,0,1,13
"Kalanki, Kathmandu",13000000.0,787.175,13.0,SOUTH-EAST,2.0,4.0,3.0,House,7.0,0,0,1,0,1,0,0,0,0,0,0,10
"Thankot, Kathmandu",21000000.0,1711.25,10.0,EAST,3.0,5.0,5.0,House,13.0,0,1,0,0,1,0,0,0,0,0,0,7
"Thankot, Kathmandu",13500000.0,787.175,11.0,NORTH,2.5,4.0,3.0,House,7.0,0,1,1,1,1,0,0,1,0,0,1,15
"Thankot, Kathmandu",17500000.0,2121.9500000000003,11.0,SOUTH-EAST,2.5,5.0,4.0,House,8.0,0,1,1,1,0,0,0,0,0,0,0,9
"Thankot, Kathmandu",19000000.0,1369.0,16.0,EAST,2.5,,4.0,House,12.0,0,1,1,0,1,0,0,1,0,0,0,17
"Thankot, Kathmandu",12000000.0,1095.2,13.0,WEST,2.5,,4.0,House,9.0,0,0,0,0,0,0,0,1,0,0,0,4
"Thankot, Kathmandu",12000000.0,1026.75,13.0,EAST,2.5,4.0,4.0,House,10.0,0,0,0,0,0,0,0,0,0,0,0,0
"Thankot, Kathmandu",14000000.0,1095.2,13.0,WEST,2.5,4.0,4.0,House,10.0,0,1,1,1,1,0,0,1,0,0,0,10
"Thankot, Kathmandu",8200000.0,787.175,13.0,SOUTH,2.5,,4.0,House,12.0,0,1,0,0,0,0,0,0,0,0,0,1
"Thankot, Kathmandu",13000000.0,1026.75,20.0,EAST,2.5,,4.0,House,20.0,0,1,1,1,1,0,0,0,0,0,0,12
"Bansbari, Kathmandu",36000000.0,2053.5,10.0,SOUTH,3.0,6.0,6.0,House,13.0,0,1,1,1,1,0,0,1,0,0,0,15
"Thankot, Kathmandu",16500000.0,1026.75,13.0,SOUTH,2.5,,4.0,House,9.0,0,1,1,0,1,0,0,1,0,0,0,7
"Thankot, Kathmandu",13500000.0,1026.75,16.0,SOUTH,2.5,,4.0,House,8.0,0,1,1,0,1,0,0,1,0,0,1,13
"Thankot, Kathmandu",11500000.0,1026.75,13.0,EAST,2.5,,4.0,House,20.0,0,1,1,0,1,0,0,1,0,0,1,10
"Sitapaila, Kathmandu",26500000.0,1540.125,20.0,EAST,2.5,5.0,4.0,Bungalow,7.0,0,0,0,0,0,0,0,0,0,0,0,0
"Bansbari, Kathmandu",37000000.0,2053.5,15.0,SOUTH-EAST,2.5,5.0,5.0,Bungalow,7.0,0,0,0,0,0,0,0,0,0,0,0,0
"Bafal, Kathmandu",20299999.999999996,1197.875,12.0,SOUTH,2.5,,4.0,House,27.0,0,1,1,1,0,0,0,1,0,0,0,12
"Hepali Height, Kathmandu",43000000.0,1882.375,16.0,NORTH-WEST,2.5,5.0,3.0,House,13.0,0,1,1,0,1,0,0,1,0,0,1,10
"Dhapasi, Kathmandu",22000000.0,1026.75,26.0,SOUTH,2.5,3.0,4.0,House,7.0,0,1,1,0,1,0,0,1,0,0,0,9
"Bhaisepati, Lalitpur",29000000.0,1437.45,15.0,NORTH,2.5,7.0,4.0,Bungalow,9.0,0,1,1,0,1,0,0,1,0,0,0,9
Other,23000000.0,1471.675,15.0,SOUTH,2.0,4.0,4.0,Bungalow,10.0,0,1,1,0,1,0,0,1,0,0,0,8
Other,55000000.0,2121.9500000000003,15.0,SOUTH,2.5,5.0,3.0,Bungalow,8.0,0,1,1,1,1,0,0,0,0,0,0,4
"Naxal, Kathmandu",76000000.0,2772.225,15.0,SOUTH,3.0,6.0,6.0,Bungalow,17.0,0,1,1,0,1,0,0,0,0,0,0,5
"Naxal, Kathmandu",38000000.0,1369.0,15.0,SOUTH,2.5,6.0,5.0,Bungalow,7.0,0,1,1,0,1,0,0,1,0,0,0,11
"Syuchatar, Kathmandu",32000000.0,2053.5,13.0,EAST,2.5,4.0,4.0,House,7.0,0,1,1,0,0,0,0,1,0,0,1,11
"Dhapasi, Kathmandu",32000000.0,1026.75,12.0,SOUTH,2.5,6.0,4.0,Bungalow,7.0,0,1,1,0,1,0,0,0,0,0,0,4
Other,29000000.0,1745.475,13.0,SOUTH,2.5,4.0,4.0,Villa,9.0,0,0,0,0,1,0,0,0,0,0,0,2
Other,150000000.0,7529.5,20.0,SOUTH-EAST,2.5,6.0,4.0,Bungalow,9.0,0,1,0,0,0,0,0,0,0,0,0,1
"Nakhipot, Lalitpur",21500000.0,1283.4375,17.0,SOUTH,2.5,5.0,4.0,House,7.0,0,1,0,0,1,0,0,1,0,0,0,8
"Sanepa, Lalitpur",58000000.0,1745.475,15.0,NORTH,3.0,6.0,6.0,House,9.0,0,1,1,1,1,0,0,1,0,0,0,11
"Dhapasi, Kathmandu",31000000.0,1745.475,,UNKNOWN,2.5,,4.0,House,8.0,0,1,0,0,1,0,0,0,0,0,0,6
Other,51000000.0,1882.375,18.0,UNKNOWN,2.5,,4.0,House,7.0,0,0,0,0,1,0,0,0,0,0,0,2
"Budhanilkantha, Kathmandu",23500000.0,1060.9750000000001,12.0,EAST,2.5,6.0,3.0,House,13.0,0,0,1,1,1,0,0,1,0,0,0,13
Other,46500000.0,1197.875,20.0,WEST,4.0,8.0,7.0,House,13.0,0,1,0,0,1,0,0,0,0,0,0,3
"Bafal, Kathmandu",28000000.0,1369.0,12.0,EAST,2.5,7.0,4.0,House,7.0,0,1,1,1,1,0,0,1,0,0,0,15
"Kalanki, Kathmandu",25000000.0,1369.0,,UNKNOWN,2.5,,4.0,House,23.0,0,1,1,1,1,0,0,1,0,0,0,16
Other,32000000.0,1026.75,12.0,WEST,2.5,5.0,4.0,House,7.0,0,1,1,1,1,0,0,1,0,0,0,16
Other,34000000.0,2121.9500000000003,,UNKNOWN,2.5,,4.0,House,7.0,0,1,1,1,1,0,0,1,0,0,0,16
Other,32000000.0,1369.0,13.0,SOUTH,3.0,6.0,4.0,House,26.0,0,1,1,1,1,0,0,1,0,0,0,16
"Golfutar, Kathmandu",32500000.0,1369.0,15.0,WEST,3.0,6.0,5.0,House,26.0,0,1,1,1,1,0,0,0,0,0,1,13
"Budhanilkantha, Kathmandu",48000000.0,1197.875,12.0,WEST,2.5,7.0,7.0,Bungalow,4.0,0,1,0,0,0,0,0,0,0,0,0,2
Other,25000000.0,1197.875,20.0,EAST,3.5,6.0,9.0,Bungalow,4.0,0,1,1,0,0,0,0,0,0,0,0,3
"Sukedhara, Kathmandu",42500000.0,1369.0,12.0,NORTH,2.5,5.0,4.0,House,9.0,0,1,0,1,1,0,0,1,0,0,0,9
"Budhanilkantha, Kathmandu",67500000.0,4107.0,12.0,NORTH,2.5,4.0,4.0,House,9.0,0,1,0,0,0,0,0,0,0,0,0,1
"Budhanilkantha, Kathmandu",95000000.0,2053.5,12.0,WEST,2.5,5.0,7.0,Bungalow,8.0,0,1,0,1,1,0,0,1,0,0,0,12
Other,32000000.0,1095.2,12.0,NORTH,2.5,4.0,5.0,House,4.0,0,1,0,0,0,0,0,0,0,0,0,1
Other,32000000.0,1369.0,15.0,WEST,2.5,6.0,5.0,House,5.0,0,0,0,0,0,0,0,0,0,0,0,0
Other,69000000.0,3422.5,18.0,WEST,2.5,4.0,4.0,House,9.0,0,0,0,0,0,0,0,0,0,0,0,0
"Bhaisepati, Lalitpur",28000000.0,1437.45,16.0,NORTH,1.0,2.0,1.0,House,6.0,0,1,1,0,1,0,0,0,0,0,0,13
"Nakhipot, Lalitpur",23000000.0,1129.425,16.0,NORTH,2.5,4.0,3.0,House,5.0,0,0,0,0,0,0,0,0,0,0,0,0
"Banasthali, Kathmandu",45000000.0,1540.125,15.0,NORTH,4.0,7.0,5.0,House,11.0,0,1,0,0,0,0,0,0,0,0,0,2
"Satdobato, Lalitpur",45000000.0,3080.25,20.0,NORTH,2.5,6.0,4.0,House,12.0,0,1,0,1,0,0,0,0,0,0,0,2
"Sanepa, Lalitpur",120000000.0,5476.0,10.0,EAST,2.5,6.0,6.0,Bungalow,6.0,0,1,1,0,1,0,0,1,0,0,0,9
"Sanepa, Lalitpur",75000000.0,2395.75,15.0,NORTH,3.0,6.0,4.0,House,4.0,0,1,0,0,0,0,0,0,0,0,0,2
"Hattiban, Lalitpur",100000000.0,1437.45,18.0,WEST,2.0,4.0,4.0,House,4.0,0,1,1,1,1,0,0,1,0,0,0,13
Other,36000000.0,1369.0,12.0,WEST,2.5,5.0,5.0,House,4.0,0,1,1,0,1,0,0,1,0,0,1,13
"Hattiban, Lalitpur",30000000.0,1026.75,12.0,EAST,4.0,4.0,4.0,House,4.0,0,1,0,0,0,0,0,0,0,0,0,2
"Budhanilkantha, Kathmandu",45000000.0,2053.5,16.0,SOUTH,1.0,1.0,1.0,House,8.0,0,1,0,0,0,0,0,0,0,0,0,1
"Sitapaila, Kathmandu",55000000.0,2738.0,24.0,EAST,2.5,1.0,1.0,House,6.0,0,1,1,0,1,0,0,1,0,0,0,9
"Dhapasi, Kathmandu",32000000.0,1540.125,10.0,SOUTH,2.5,6.0,1.0,House,4.0,0,1,0,1,0,0,0,0,0,0,0,2
"Naxal, Kathmandu",95000000.0,4107.0,15.0,EAST,2.0,1.0,1.0,House,4.0,0,1,0,0,0,0,0,0,0,0,0,1
"Hepali Height, Kathmandu",34000000.0,1403.225,12.0,SOUTH,2.5,5.0,2.0,House,4.0,0,1,0,0,1,0,0,0,0,0,0,3
"Naxal, Kathmandu",38000000.0,1369.0,15.0,SOUTH-EAST,2.5,6.0,5.0,House,11.0,0,1,0,0,0,0,0,0,0,0,0,3
"Budhanilkantha, Kathmandu",45000000.0,1882.375,12.0,SOUTH,3.0,7.0,3.0,Bungalow,7.0,0,1,0,0,1,0,0,0,0,0,0,3
"Gongabu, Kathmandu",80000000.0,4449.25,15.0,SOUTH,2.5,6.0,1.0,House,7.0,0,1,0,1,1,0,0,0,0,0,0,4
"Sukedhara, Kathmandu",105000000.0,4791.5,20.0,WEST,1.0,5.0,7.0,House,11.0,0,1,0,0,0,1,0,0,0,0,0,3
"Hepali Height, Kathmandu",32000000.0,1369.0,15.0,EAST,1.0,1.0,7.0,House,7.0,0,1,0,1,1,0,0,0,0,0,0,4
"Budhanilkantha, Kathmandu",105000000.0,3080.25,16.0,WEST,2.5,5.0,4.0,House,7.0,0,1,0,0,1,0,0,0,0,0,0,5
"Pasikot, Kathmandu",55000000.0,1711.25,13.0,EAST,2.5,4.0,4.0,House,8.0,0,1,0,0,1,0,0,0,0,0,0,3
"Budhanilkantha, Kathmandu",70000000.0,2669.5499999999997,12.0,EAST,3.0,7.0,4.0,House,12.0,0,1,0,1,1,0,0,0,0,0,0,4
"Budhanilkantha, Kathmandu",57000000.0,2395.75,15.0,NORTH,3.0,10.0,8.0,House,10.0,0,1,0,0,0,0,0,0,0,0,0,2
"Nakkhu, Lalitpur",25000000.0,1403.225,30.0,NORTH,2.5,5.0,5.0,House,12.0,0,1,0,0,1,0,1,1,0,0,0,6
"Hattiban, Lalitpur",35000000.0,1026.75,20.0,EAST,2.5,6.0,3.0,House,9.0,0,1,0,0,0,0,0,0,0,0,0,2
"Bhaisepati, Lalitpur",25000000.0,1471.675,10.0,WEST,2.5,4.0,3.0,House,8.0,0,1,0,0,0,1,0,0,0,0,0,3
"Bhaisepati, Lalitpur",24500000.0,1197.875,10.0,NORTH,2.5,6.0,1.0,Bungalow,10.0,0,1,0,0,1,0,0,0,0,0,0,3
"Nakhipot, Lalitpur",21500000.0,1060.9750000000001,13.0,WEST,2.5,4.0,4.0,House,9.0,0,1,0,0,1,0,0,0,0,0,0,3
Other,37000000.0,1711.25,10.0,NORTH,3.5,4.0,5.0,House,8.0,0,1,0,0,1,1,0,0,0,0,0,4
"Bhaisepati, Lalitpur",37500000.0,2224.625,13.0,NORTH-WEST,2.5,4.0,4.0,Bungalow,7.0,0,1,0,0,1,0,0,0,0,0,0,3
"Bhaisepati, Lalitpur",27500000.0,1369.0,13.0,WEST,2.5,3.0,4.0,House,7.0,0,1,0,0,1,1,0,0,0,0,0,4
"Hattiban, Lalitpur",28000000.0,1026.75,22.0,NORTH,2.5,5.0,5.0,House,27.0,0,1,0,1,0,0,0,0,0,0,0,3
"Kusunti, Lalitpur",110000000.0,3080.25,20.0,EAST,2.5,4.0,4.0,House,8.0,0,1,0,1,1,1,0,0,0,0,0,6
"Kalanki, Kathmandu",18000000.0,1437.45,10.0,EAST,1.0,4.0,3.0,House,13.0,0,1,0,1,1,0,0,0,0,0,0,4
Other,37000000.0,1369.0,10.0,WEST,3.5,6.0,1.0,House,7.0,0,1,0,1,1,1,0,0,0,0,0,5
"Imadol, Lalitpur",21500000.0,1129.425,12.0,NORTH,2.5,6.0,4.0,House,16.0,0,1,0,0,0,0,0,0,0,0,0,3
Other,65000000.0,4107.0,16.5,NORTH-WEST,2.5,5.0,6.0,House,8.0,0,1,0,0,1,1,0,1,0,0,0,5
"Banasthali, Kathmandu",100000000.0,4107.0,16.5,NORTH,2.5,5.0,6.0,Bungalow,13.0,0,1,0,1,1,1,0,1,0,0,0,7
Other,27000000.0,1369.0,11.0,WEST,4.5,8.0,4.0,House,13.0,0,1,0,0,1,1,0,1,0,0,0,7
"Kusunti, Lalitpur",42500000.0,1779.7,15.0,SOUTH-WEST,2.5,4.0,4.0,House,7.0,0,1,0,0,1,1,0,1,0,0,0,5
"Sitapaila, Kathmandu",22000000.0,1369.0,10.0,EAST,2.5,5.0,3.0,House,7.0,2,0,0,0,0,0,0,1,0,0,0,2
Other,22500000.0,1369.0,13.0,EAST,2.5,4.0,3.0,House,7.0,2,0,0,0,0,0,0,0,0,0,0,1
Other,25000000.0,1266.325,12.0,EAST,2.5,6.0,3.0,House,7.0,1,0,0,0,0,0,0,1,0,0,1,3
Other,35000000.0,1608.575,13.0,SOUTH-WEST,2.0,4.0,2.0,House,18.0,2,0,0,0,0,0,0,1,0,0,1,3
"Sitapaila, Kathmandu",30000000.0,1266.325,10.0,NORTH-EAST,2.5,6.0,3.0,House,7.0,1,0,0,0,0,0,0,1,0,0,1,4
Other,26000000.0,1095.2,16.0,WEST,2.5,6.0,3.0,House,13.0,1,0,0,0,0,0,0,0,0,0,1,1
Other,38000000.0,1540.125,13.0,NORTH-EAST,2.0,6.0,3.0,House,7.0,1,0,0,0,0,0,0,1,0,0,1,2
"Sitapaila, Kathmandu",22000000.0,855.625,13.0,WEST,3.0,6.0,3.0,House,9.0,1,0,0,0,0,0,0,1,0,0,1,2
"Sitapaila, Kathmandu",20000000.0,855.625,10.0,WEST,3.0,4.0,3.0,House,8.0,1,0,0,0,0,0,0,1,0,0,0,2
Other,27500000.0,1540.125,12.0,SOUTH,2.5,6.0,5.0,House,7.0,2,0,0,0,0,0,0,1,0,0,1,3
"Sitapaila, Kathmandu",35000000.0,1300.55,14.0,WEST,4.0,4.0,3.0,House,13.0,2,0,0,0,0,0,0,1,0,0,1,3
"Thankot, Kathmandu",22000000.0,1026.75,13.0,EAST,2.5,8.0,3.0,House,13.0,1,0,0,0,0,0,0,1,0,0,1,2
"Thankot, Kathmandu",18500000.0,1540.125,13.0,EAST,3.5,8.0,3.0,House,4.0,1,0,0,0,0,0,0,0,0,0,0,0
"Thankot, Kathmandu",11500000.0,1060.9750000000001,13.0,EAST,3.5,3.0,1.0,House,4.0,1,0,0,0,0,0,0,0,0,0,0,0
"Thankot, Kathmandu",17000000.0,1197.875,13.0,EAST,3.0,7.0,4.0,House,4.0,2,0,0,0,0,0,0,0,0,0,0,0
Other,31000000.0,1197.875,12.0,EAST,2.5,6.0,3.0,Bungalow,11.0,1,0,0,0,0,0,0,0,0,0,1,2
"Sitapaila, Kathmandu",23500000.0,1060.9750000000001,14.0,SOUTH-EAST,3.5,5.0,3.0,House,4.0,1,0,0,0,0,0,0,1,0,0,1,2
Other,120000000.0,4962.625,13.0,SOUTH,2.5,5.0,5.0,House,24.0,3,0,0,0,0,0,0,1,0,0,1,5
"Bafal, Kathmandu",45000000.0,1095.2,13.0,SOUTH,2.5,6.0,4.0,House,5.0,1,0,0,0,0,0,0,1,0,0,1,3
"Imadol, Lalitpur",31500000.0,1197.875,13.0,WEST,2.5,5.0,3.0,House,5.0,1,0,0,0,0,0,0,1,0,0,1,3
"Sitapaila, Kathmandu",30000000.0,1026.75,16.0,WEST,2.5,4.0,4.0,House,5.0,1,0,0,0,0,0,0,1,0,0,1,4
Other,60000000.0,2053.5,12.0,SOUTH-EAST,2.5,6.0,3.0,House,10.0,2,0,0,0,0,0,0,0,0,0,1,3
Other,25500000.0,1403.225,13.0,SOUTH-EAST,2.5,6.0,4.0,House,4.0,1,0,0,0,0,0,0,1,0,0,1,2
Other,61500000.0,1813.925,13.0,SOUTH-WEST,2.5,5.0,6.0,House,4.0,2,0,0,0,0,0,0,1,0,0,1,3
Other,50000000.0,1813.925,13.0,SOUTH-WEST,2.5,5.0,6.0,House,4.0,2,0,0,0,0,0,0,1,0,0,1,3
"Sitapaila, Kathmandu",38500000.0,1813.925,16.0,SOUTH-WEST,2.5,5.0,6.0,House,10.0,2,0,0,0,0,0,0,1,0,0,1,5
Other,36000000.0,1095.2,20.0,SOUTH,4.0,9.0,3.0,House,5.0,1,0,0,0,0,0,0,1,0,0,1,3
"Bafal, Kathmandu",28500000.0,1369.0,13.0,NORTH-WEST,3.5,6.0,4.0,House,4.0,2,0,0,0,0,0,0,1,0,0,1,3
Other,35500000.0,1060.9750000000001,20.0,NORTH,2.5,7.0,5.0,House,5.0,1,0,0,0,0,0,0,1,0,0,0,2
"Sitapaila, Kathmandu",55000000.0,2053.5,18.0,SOUTH-WEST,2.5,7.0,5.0,House,4.0,2,0,0,0,0,0,0,1,0,0,1,4
"Sitapaila, Kathmandu",42500000.0,2395.75,13.0,WEST,2.5,6.0,7.0,House,5.0,2,0,0,0,0,0,0,1,0,0,1,4
Other,27000000.0,2053.5,20.0,SOUTH,2.5,4.0,4.0,House,33.0,1,0,0,0,0,0,0,0,0,0,0,0
Other,28500000.0,1369.0,12.0,SOUTH,2.5,6.0,4.0,House,4.0,1,0,0,0,0,0,0,1,0,0,1,3
Other,38000000.0,1813.925,13.0,SOUTH,2.5,4.0,4.0,House,4.0,10,0,0,0,0,0,0,1,0,0,1,4
Other,42000000.0,2464.2000000000003,16.0,EAST,2.5,9.0,6.0,House,9.0,2,0,0,0,0,0,0,0,0,0,1,3
"Gongabu, Kathmandu",24500000.0,752.95,12.0,NORTH,2.5,6.0,3.0,House,9.0,1,0,0,0,0,0,0,0,0,0,0,0
Other,68000000.0,2053.5,13.0,NORTH,2.5,5.0,4.0,House,9.0,1,0,0,0,0,0,0,1,0,0,1,4
"Bansbari, Kathmandu",45000000.0,1369.0,13.0,SOUTH-EAST,2.5,7.0,5.0,House,9.0,1,0,0,0,0,0,0,1,0,0,0,2
"Budhanilkantha, Kathmandu",80000000.0,5476.0,16.0,SOUTH-EAST,3.0,11.0,7.0,Bungalow,7.0,3,0,0,0,0,0,0,1,0,0,1,4
"Nagarjung, Kathmandu",29900000.0,1060.9750000000001,12.0,NORTH,2.5,7.0,4.0,House,23.0,1,0,0,0,0,0,0,1,0,0,0,2
"Nagarjung, Kathmandu",37500000.0,1369.0,13.0,NORTH-WEST,2.5,8.0,4.0,House,21.0,2,0,0,0,0,0,0,0,0,0,0,1
"Nagarjung, Kathmandu",325000000.0,1026.75,14.0,SOUTH,2.5,5.0,3.0,House,16.0,1,0,0,0,0,0,0,1,0,0,1,3
Other,28500000.0,1095.2,20.0,SOUTH-WEST,2.5,4.0,3.0,House,16.0,1,0,0,0,0,0,0,0,0,0,1,2
"Nagarjung, Kathmandu",60000000.0,3490.95,14.0,NORTH-WEST,2.5,6.0,7.0,House,7.0,2,0,0,0,0,0,0,1,0,0,1,3
Other,41500000.0,1437.45,13.0,NORTH-EAST,3.5,7.0,6.0,House,4.0,2,0,0,0,0,0,0,1,0,0,1,3
"Nagarjung, Kathmandu",31500000.0,1026.75,13.0,NORTH,2.5,6.0,3.0,House,4.0,1,0,0,0,0,0,0,0,0,0,0,0
Other,26500000.0,1026.75,13.0,SOUTH,2.5,5.0,3.0,House,10.0,1,0,0,0,0,0,0,0,0,0,1,1
Other,37500000.0,1882.375,13.0,SOUTH-WEST,2.5,6.0,5.0,House,9.0,2,0,0,0,0,0,0,1,0,0,1,4
Other,26000000.0,1060.9750000000001,13.0,WEST,2.5,5.0,4.0,House,7.0,1,0,0,0,0,0,0,1,0,0,1,2
Other,33500000.0,1369.0,16.0,NORTH,2.0,4.0,5.0,House,10.0,1,0,0,0,0,0,0,1,0,0,1,4
"Imadol, Lalitpur",27500000.0,1026.75,13.0,NORTH,2.5,6.0,5.0,House,18.0,1,0,0,0,0,0,0,1,0,0,1,2
"Imadol, Lalitpur",34500000.0,1711.25,13.0,EAST,3.0,7.0,7.0,House,15.0,2,0,0,0,0,0,0,0,0,0,0,0
Other,49000000.0,1437.45,20.0,SOUTH-EAST,2.5,5.0,2.0,House,7.0,1,0,0,0,0,0,0,0,0,0,0,0
Other,27000000.0,855.625,20.0,SOUTH,3.0,5.0,3.0,House,7.0,1,0,0,0,0,0,0,0,0,0,0,0
Other,25000000.0,787.175,7.0,EAST,3.0,12.0,4.0,House,19.0,0,0,0,0,0,0,0,0,0,0,1,2
"Imadol, Lalitpur",27500000.0,1197.875,13.0,EAST,2.5,6.0,5.0,House,4.0,0,0,0,0,0,0,0,1,0,0,1,3
Other,38000000.0,1711.25,13.0,SOUTH-WEST,3.5,7.0,7.0,House,4.0,2,0,0,0,0,0,0,1,0,0,1,3
"Sitapaila, Kathmandu",39000000.0,1540.125,13.0,SOUTH,2.5,8.0,5.0,House,18.0,2,0,0,0,0,0,0,1,0,0,1,3
Other,33000000.0,1813.925,8.0,SOUTH,2.5,3.0,1.0,House,18.0,1,0,0,0,0,0,0,0,0,0,0,1
"Budhanilkantha, Kathmandu",14500000.0,752.95,13.0,SOUTH,2.5,3.0,2.0,House,11.0,1,0,0,0,0,0,0,0,0,0,1,1
Other,127500000.0,4791.5,14.0,NORTH-EAST,2.0,2.0,2.0,Bungalow,4.0,3,0,0,0,0,0,0,1,0,0,1,5
"Sitapaila, Kathmandu",28500000.0,1197.875,14.0,SOUTH-EAST,2.5,4.0,4.0,House,4.0,1,0,0,0,0,0,0,1,0,0,1,3
"Bafal, Kathmandu",41000000.0,1369.0,14.0,SOUTH,2.5,4.0,4.0,House,4.0,2,0,0,0,0,0,0,1,0,0,1,4
Other,47000000.0,1711.25,12.5,SOUTH,2.5,12.0,5.0,House,9.0,2,0,0,0,0,0,0,0,0,0,1,3
"Nagarjung, Kathmandu",25500000.0,924.075,13.0,NORTH,1.0,4.0,3.0,House,5.0,8,0,0,0,0,0,0,1,0,0,1,3
"Nagarjung, Kathmandu",32000000.0,1026.75,13.0,EAST,2.5,6.0,4.0,House,4.0,1,0,0,0,0,0,0,0,0,0,0,1
"Chandragiri, Kathmandu",26500000.0,1369.0,13.0,EAST,2.5,6.0,3.0,House,4.0,1,0,0,0,0,0,0,0,0,0,0,0
"Chandragiri, Kathmandu",23500000.0,1711.25,13.0,EAST,2.5,6.0,3.0,House,5.0,1,0,0,0,0,0,0,0,0,0,0,0
Other,26500000.0,787.175,16.0,EAST,2.5,7.0,3.0,House,15.0,1,0,0,0,0,0,0,1,0,0,0,1
"Hattiban, Lalitpur",34000000.0,1882.375,13.0,EAST,1.0,5.0,3.0,House,8.0,2,0,0,0,0,0,0,0,0,0,0,1
Other,32000000.0,1369.0,10.0,NORTH,2.5,5.0,4.0,House,8.0,1,0,0,0,0,0,0,1,0,0,1,4
"Sitapaila, Kathmandu",28500000.0,1266.325,13.0,NORTH-WEST,3.5,6.0,3.0,House,4.0,1,0,0,0,0,0,0,0,0,0,0,0
"Sitapaila, Kathmandu",26000000.0,1026.75,13.0,SOUTH-WEST,2.0,6.0,3.0,House,4.0,1,0,0,0,0,0,0,0,0,0,0,0
Other,30000000.0,787.175,14.0,EAST,2.0,5.0,2.0,House,4.0,1,0,0,0,0,0,0,1,0,0,1,2
Other,19500000.0,1026.75,10.0,NORTH-EAST,2.5,5.0,4.0,House,4.0,1,0,0,0,0,0,0,1,0,0,0,2
Other,18500000.0,787.175,10.0,NORTH-EAST,2.5,5.0,3.0,House,9.0,1,0,0,0,0,0,0,0,0,0,0,0
Other,46500000.0,2738.0,13.0,NORTH-EAST,2.5,11.0,5.0,House,5.0,2,0,0,0,0,0,0,0,0,0,0,0
"Bhaisepati, Lalitpur",29000000.0,1060.9750000000001,13.0,NORTH-EAST,2.0,5.0,5.0,House,4.0,1,0,0,0,0,0,0,1,0,0,0,2
Other,35000000.0,1540.125,12.0,SOUTH-EAST,3.0,11.0,5.0,House,5.0,1,0,0,0,0,0,0,1,0,0,0,2
"Hattiban, Lalitpur",21500000.0,787.175,13.0,SOUTH,1.5,4.0,3.0,House,5.0,1,0,0,0,0,0,0,1,0,0,0,3
Other,29000000.0,1095.2,13.0,SOUTH,2.5,6.0,4.0,House,14.0,3,0,0,0,0,0,0,0,0,0,0,0
Other,22500000.0,1026.75,13.0,NORTH,2.5,4.0,4.0,House,5.0,1,0,0,0,0,0,0,1,0,0,1,3
Other,32000000.0,1095.2,20.0,NORTH,2.0,4.0,3.0,House,4.0,1,0,0,0,0,0,0,1,0,0,0,1
"Sitapaila, Kathmandu",28500000.0,1095.2,13.0,WEST,2.5,5.0,3.0,House,5.0,1,0,0,0,0,0,0,1,0,0,0,2
"Sitapaila, Kathmandu",55000000.0,3080.25,16.0,NORTH,2.5,5.0,4.0,House,20.0,2,0,0,0,0,0,0,0,0,0,1,2
"Bafal, Kathmandu",40000000.0,1437.45,20.0,NORTH,2.5,4.0,4.0,House,18.0,1,0,0,0,0,0,0,1,0,0,1,4
Other,75000000.0,2395.75,22.0,NORTH,2.5,7.0,5.0,House,28.0,1,0,0,0,0,0,0,0,0,0,0,1
Other,27000000.0,1745.475,13.0,NORTH,3.5,6.0,5.0,House,5.0,2,0,0,0,0,0,0,1,0,0,1,3
"Bhaisepati, Lalitpur",60000000.0,2738.0,10.0,NORTH-EAST,2.5,6.0,4.0,House,22.0,2,0,0,0,0,0,0,1,0,0,1,3
"Bhaisepati, Lalitpur",37500000.0,1129.425,14.0,SOUTH-WEST,2.5,4.0,5.0,House,4.0,1,0,0,0,0,0,0,1,0,0,1,4
"Imadol, Lalitpur",28500000.0,1060.9750000000001,13.0,SOUTH-EAST,2.0,5.0,3.0,House,4.0,1,0,0,0,0,0,0,1,0,0,0,3
"Sitapaila, Kathmandu",60000000.0,2738.0,16.0,SOUTH,2.5,5.0,5.0,Bungalow,6.0,2,0,0,0,0,0,0,1,0,0,1,2
"Nagarjung, Kathmandu",31000000.0,1026.75,13.0,EAST,2.5,8.0,4.0,House,4.0,1,0,0,0,0,0,0,0,0,0,0,1
Other,27500000.0,752.95,13.0,EAST,2.0,4.0,4.0,House,4.0,1,0,0,0,0,0,0,1,0,0,0,2
"Bafal, Kathmandu",28500000.0,1026.75,12.0,WEST,2.5,5.0,3.0,House,5.0,1,0,0,0,0,0,0,1,0,0,0,2
"Sitapaila, Kathmandu",22000000.0,1026.75,16.0,NORTH,2.5,6.0,3.0,House,4.0,1,0,0,0,0,0,0,0,0,0,1,2
"Bafal, Kathmandu",28500000.0,1369.0,13.0,NORTH,3.0,7.0,4.0,House,5.0,2,0,0,0,0,0,0,1,0,0,1,3
Other,20500000.0,1026.75,13.0,NORTH,2.5,6.0,3.0,House,5.0,1,0,0,0,0,0,0,1,0,0,1,3
"Nagarjung, Kathmandu",18000000.0,752.95,16.0,SOUTH,3.0,4.0,2.0,House,5.0,1,0,0,0,0,0,0,0,0,0,0,1
"Sitapaila, Kathmandu",35000000.0,1197.875,13.0,SOUTH-EAST,2.5,4.0,2.0,House,5.0,1,0,0,0,0,0,0,0,0,0,0,0
Other,39000000.0,1779.7,13.0,NORTH-EAST,2.5,4.0,3.0,House,5.0,1,0,1,1,0,0,0,1,0,0,0,6
Other,47000000.0,2053.5,13.0,EAST,3.5,9.0,4.0,House,20.0,2,1,1,1,1,0,0,0,0,0,0,15
"Sitapaila, Kathmandu",50000000.0,2464.2000000000003,16.0,NORTH-EAST,2.5,5.0,5.0,Bungalow,11.0,1,0,0,1,1,0,0,0,0,0,0,10
"Sitapaila, Kathmandu",37500000.0,1711.25,16.0,SOUTH-EAST,2.5,4.0,4.0,House,10.0,1,0,1,0,0,0,0,0,0,0,1,5
Other,24000000.0,1129.425,13.0,SOUTH-WEST,2.5,4.0,3.0,House,5.0,1,1,1,1,0,0,0,1,0,0,0,13
Other,29500000.0,1026.75,13.0,NORTH,3.5,4.0,3.0,House,5.0,1,0,0,0,0,0,0,0,0,0,0,0
"Budhanilkantha, Kathmandu",125000000.0,6845.0,13.0,EAST,3.0,4.0,5.0,Bungalow,18.0,10,0,1,0,1,0,0,1,0,0,0,6
Other,33500000.0,1540.125,22.0,NORTH-EAST,2.5,6.0,5.0,Bungalow,7.0,2,0,0,0,0,0,0,0,0,0,0,0
Other,29000000.0,1197.875,13.0,EAST,2.5,5.0,4.0,House,5.0,1,1,1,1,1,0,0,1,0,0,0,16
"Bafal, Kathmandu",28500000.0,1369.0,13.0,SOUTH-WEST,3.5,5.0,3.0,House,5.0,1,0,0,0,0,0,0,0,0,0,0,0
Other,18500000.0,1403.225,10.0,SOUTH-WEST,2.5,6.0,3.0,House,5.0,1,1,0,1,1,0,0,0,0,0,0,10
Other,28000000.0,1026.75,13.0,EAST,3.0,4.0,3.0,House,5.0,1,0,0,0,0,0,0,0,0,0,0,0
Other,32500000.0,1095.2,10.0,SOUTH,2.5,5.0,4.0,House,5.0,1,1,1,0,1,0,0,1,0,0,0,14
Other,30500000.0,1369.0,26.0,NORTH-EAST,3.5,6.0,4.0,House,9.0,2,1,0,0,0,0,0,0,0,0,0,1
"Sitapaila, Kathmandu",26500000.0,1369.0,15.0,EAST,2.5,5.0,4.0,Bungalow,15.0,1,0,1,0,1,0,0,0,0,0,0,2
Other,43000000.0,1711.25,16.0,SOUTH-WEST,4.0,8.0,5.0,House,6.0,2,0,0,0,0,0,0,0,0,0,0,0
"Sitapaila, Kathmandu",30500000.0,1369.0,16.0,WEST,2.5,6.0,6.0,House,5.0,1,1,1,0,1,0,0,1,0,0,1,12
"Sitapaila, Kathmandu",23500000.0,1095.2,13.0,EAST,2.5,7.0,3.0,House,9.0,1,1,1,1,1,0,0,0,0,0,0,15
Other,46500000.0,1369.0,13.0,SOUTH,3.0,7.0,5.0,House,5.0,1,0,1,1,1,0,0,1,0,0,0,12
"Syuchatar, Kathmandu",22000000.0,1540.125,10.0,SOUTH,3.0,7.0,4.0,House,5.0,1,0,0,0,0,0,0,0,0,0,0,0
Other,40000000.0,1369.0,13.0,SOUTH,3.0,6.0,4.0,House,5.0,2,1,0,1,0,0,0,0,0,0,0,7
Other,29000000.0,1095.2,16.0,EAST,2.5,7.0,5.0,House,9.0,1,0,0,0,0,0,0,0,0,0,0,0
Other,27500000.0,1095.2,14.0,SOUTH-EAST,2.5,4.0,3.0,House,9.0,2,1,1,0,1,0,0,1,0,0,0,11
"Nagarjung, Kathmandu",20000000.0,1026.75,12.0,EAST,3.5,4.0,3.0,House,9.0,1,1,1,0,0,0,0,1,0,0,0,6
Other,30000000.0,1129.425,13.0,WEST,3.0,4.0,3.0,House,5.0,1,0,0,0,0,0,0,0,0,0,0,0
Other,47500000.0,1711.25,22.0,SOUTH,2.5,5.0,5.0,House,5.0,2,1,1,1,1,0,0,1,0,0,1,20
Other,30000000.0,2395.75,22.0,SOUTH-EAST,2.5,7.0,5.0,House,5.0,6,0,0,0,0,0,0,0,0,0,0,0
Other,26000000.0,1711.25,22.0,EAST,2.5,4.0,5.0,House,5.0,2,1,1,1,1,0,0,1,0,0,1,29
Other,25500000.0,1369.0,13.0,NORTH-EAST,2.5,4.0,4.0,House,6.0,1,0,0,0,0,0,0,0,0,0,0,0
"Syuchatar, Kathmandu",22000000.0,1369.0,14.0,NORTH,2.5,5.0,2.0,House,13.0,1,1,1,1,1,0,0,1,0,0,1,24
Other,18500000.0,1026.75,12.0,NORTH,3.0,5.0,3.0,House,5.0,1,1,1,1,1,0,0,1,0,0,0,23
Other,25000000.0,924.075,12.0,NORTH,2.5,6.0,4.0,House,7.0,1,0,0,0,0,0,0,0,0,0,0,0
Other,25000000.0,1060.9750000000001,13.0,SOUTH,2.5,6.0,3.0,House,5.0,1,0,0,0,0,0,0,0,0,0,0,0
"Nakhipot, Lalitpur",28500000.0,1266.325,18.0,WEST,2.5,4.0,4.0,House,6.0,1,0,1,0,1,0,0,0,0,0,0,10
Other,23500000.0,1540.125,13.0,WEST,1.0,8.0,3.0,House,8.0,1,1,0,1,1,0,0,0,0,0,0,7
Other,37000000.0,1129.425,16.0,SOUTH-WEST,3.0,4.0,4.0,House,5.0,1,0,1,0,1,0,0,1,0,0,0,6
"Khumaltar, Lalitpur",35000000.0,1369.0,13.0,EAST,3.0,6.0,4.0,House,5.0,1,0,0,0,0,0,0,0,0,0,0,0
"Khumaltar, Lalitpur",25000000.0,1197.875,16.0,SOUTH,2.5,6.0,3.0,House,11.0,1,0,0,0,0,0,0,0,0,0,0,0
Other,16000000.0,2053.5,20.0,EAST,3.0,4.0,1.0,House,14.0,2,1,1,1,0,0,0,1,0,0,0,6
"Bafal, Kathmandu",35000000.0,1026.75,12.0,NORTH,2.5,6.0,3.0,House,5.0,1,1,1,1,0,0,0,1,0,0,1,11
